{
	"nodes":[
  {
    "id": "0",
    "name": "10.49.137.87",
    "itemStyle": null,
    "symbolSize": 15.19882868592767,
    "x": 437,
    "y": 357,
    "attributes": {
      "modularity_class": 0
    },
    "value": "37610",
    "label": {
      "show": true
    },
    "category": "0"
  },
  {
    "id": "1",
    "name": "10.49.148.130",
    "itemStyle": null,
    "symbolSize": 16.385171482974943,
    "x": 476,
    "y": 535,
    "attributes": {
      "modularity_class": 1
    },
    "value": "85591",
    "label": {
      "show": true
    },
    "category": "1"
  },
  {
    "id": "2",
    "name": "10.49.178.162",
    "itemStyle": null,
    "symbolSize": 9.152284842306582,
    "x": 367,
    "y": 554,
    "attributes": {
      "modularity_class": 2
    },
    "value": "569",
    "label": {
      "show": true
    },
    "category": "2"
  },
  {
    "id": "3",
    "name": "10.49.253.219",
    "itemStyle": null,
    "symbolSize": 1.584962500721156,
    "x": 447,
    "y": 451,
    "attributes": {
      "modularity_class": 3
    },
    "value": "3",
    "label": {
      "show": true
    },
    "category": "3"
  },
  {
    "id": "4",
    "name": "10.56.92.187",
    "itemStyle": null,
    "symbolSize": 17.34399242451692,
    "x": 600,
    "y": 469,
    "attributes": {
      "modularity_class": 4
    },
    "value": "166365",
    "label": {
      "show": true
    },
    "category": "4"
  },
  {
    "id": "5",
    "name": "218.30.118.211",
    "itemStyle": null,
    "symbolSize": 10.583082767502933,
    "x": 425,
    "y": 338,
    "attributes": {
      "modularity_class": 0
    },
    "value": "1534",
    "label": {
      "show": true
    },
    "category": "0"
  },
  {
    "id": "6",
    "name": "106.38.184.34",
    "itemStyle": null,
    "symbolSize": 2.321928094887362,
    "x": 559,
    "y": 502,
    "attributes": {
      "modularity_class": 0
    },
    "value": "5",
    "label": {
      "show": true
    },
    "category": "0"
  },
  {
    "id": "7",
    "name": "101.226.90.63",
    "itemStyle": null,
    "symbolSize": 9.622051819456376,
    "x": 338,
    "y": 397,
    "attributes": {
      "modularity_class": 0
    },
    "value": "788",
    "label": {
      "show": true
    },
    "category": "0"
  },
  {
    "id": "8",
    "name": "10.49.223.152",
    "itemStyle": null,
    "symbolSize": 11.491853096329674,
    "x": 358,
    "y": 307,
    "attributes": {
      "modularity_class": 0
    },
    "value": "2880",
    "label": {
      "show": true
    },
    "category": "0"
  },
  {
    "id": "9",
    "name": "10.49.223.117",
    "itemStyle": null,
    "symbolSize": 11.510764167917891,
    "x": 546,
    "y": 423,
    "attributes": {
      "modularity_class": 0
    },
    "value": "2918",
    "label": {
      "show": true
    },
    "category": "0"
  },
  {
    "id": "10",
    "name": "10.49.137.188",
    "itemStyle": null,
    "symbolSize": 11.034111146096592,
    "x": 511,
    "y": 483,
    "attributes": {
      "modularity_class": 0
    },
    "value": "2097",
    "label": {
      "show": true
    },
    "category": "0"
  },
  {
    "id": "11",
    "name": "10.49.137.165",
    "itemStyle": null,
    "symbolSize": 12.940864139049573,
    "x": 389,
    "y": 511,
    "attributes": {
      "modularity_class": 0
    },
    "value": "7863",
    "label": {
      "show": true
    },
    "category": "0"
  },
  {
    "id": "12",
    "name": "10.49.137.114",
    "itemStyle": null,
    "symbolSize": 11.678600139099458,
    "x": 370,
    "y": 366,
    "attributes": {
      "modularity_class": 0
    },
    "value": "3278",
    "label": {
      "show": true
    },
    "category": "0"
  },
  {
    "id": "13",
    "name": "10.49.137.45",
    "itemStyle": null,
    "symbolSize": 9.328674927327947,
    "x": 362,
    "y": 525,
    "attributes": {
      "modularity_class": 0
    },
    "value": "643",
    "label": {
      "show": true
    },
    "category": "0"
  },
  {
    "id": "14",
    "name": "10.40.53.99",
    "itemStyle": null,
    "symbolSize": 1,
    "x": 430,
    "y": 465,
    "attributes": {
      "modularity_class": 0
    },
    "value": "2",
    "label": {
      "show": true
    },
    "category": "0"
  },
  {
    "id": "15",
    "name": "10.38.158.89",
    "itemStyle": null,
    "symbolSize": 13.422064766172813,
    "x": 548,
    "y": 593,
    "attributes": {
      "modularity_class": 0
    },
    "value": "10976",
    "label": {
      "show": true
    },
    "category": "0"
  },
  {
    "id": "16",
    "name": "10.32.172.14",
    "itemStyle": null,
    "symbolSize": 11.43879185257826,
    "x": 481,
    "y": 342,
    "attributes": {
      "modularity_class": 0
    },
    "value": "2776",
    "label": {
      "show": true
    },
    "category": "0"
  },
  {
    "id": "17",
    "name": "10.32.6.94",
    "itemStyle": null,
    "symbolSize": 4.857980995127572,
    "x": 310,
    "y": 325,
    "attributes": {
      "modularity_class": 0
    },
    "value": "29",
    "label": {
      "show": true
    },
    "category": "0"
  },
  {
    "id": "18",
    "name": "10.24.240.218",
    "itemStyle": null,
    "symbolSize": 10.820178962415188,
    "x": 420,
    "y": 388,
    "attributes": {
      "modularity_class": 0
    },
    "value": "1808",
    "label": {
      "show": true
    },
    "category": "0"
  },
  {
    "id": "19",
    "name": "10.24.172.210",
    "itemStyle": null,
    "symbolSize": 2,
    "x": 581,
    "y": 362,
    "attributes": {
      "modularity_class": 0
    },
    "value": "4",
    "label": {
      "show": true
    },
    "category": "0"
  },
  {
    "id": "20",
    "name": "10.22.12.189",
    "itemStyle": null,
    "symbolSize": 0,
    "x": 553,
    "y": 534,
    "attributes": {
      "modularity_class": 0
    },
    "value": "1",
    "label": {
      "show": true
    },
    "category": "0"
  },
  {
    "id": "21",
    "name": "10.22.12.166",
    "itemStyle": null,
    "symbolSize": 1.584962500721156,
    "x": 348,
    "y": 422,
    "attributes": {
      "modularity_class": 0
    },
    "value": "3",
    "label": {
      "show": true
    },
    "category": "0"
  },
  {
    "id": "22",
    "name": "10.22.12.54",
    "itemStyle": null,
    "symbolSize": 1,
    "x": 308,
    "y": 319,
    "attributes": {
      "modularity_class": 0
    },
    "value": "2",
    "label": {
      "show": true
    },
    "category": "0"
  },
  {
    "id": "23",
    "name": "10.22.12.46",
    "itemStyle": null,
    "symbolSize": 0,
    "x": 354,
    "y": 466,
    "attributes": {
      "modularity_class": 0
    },
    "value": "1",
    "label": {
      "show": true
    },
    "category": "0"
  },
  {
    "id": "24",
    "name": "10.21.27.216",
    "itemStyle": null,
    "symbolSize": 0,
    "x": 434,
    "y": 342,
    "attributes": {
      "modularity_class": 0
    },
    "value": "1",
    "label": {
      "show": true
    },
    "category": "0"
  },
  {
    "id": "25",
    "name": "10.21.27.56",
    "itemStyle": null,
    "symbolSize": 0,
    "x": 539,
    "y": 575,
    "attributes": {
      "modularity_class": 0
    },
    "value": "1",
    "label": {
      "show": true
    },
    "category": "0"
  },
  {
    "id": "26",
    "name": "91.199.212.137",
    "itemStyle": null,
    "symbolSize": 0,
    "x": 437,
    "y": 471,
    "attributes": {
      "modularity_class": 1
    },
    "value": "1",
    "label": {
      "show": true
    },
    "category": "1"
  },
  {
    "id": "27",
    "name": "10.77.217.3",
    "itemStyle": null,
    "symbolSize": 6.700439718141092,
    "x": 472,
    "y": 554,
    "attributes": {
      "modularity_class": 1
    },
    "value": "104",
    "label": {
      "show": true
    },
    "category": "1"
  },
  {
    "id": "28",
    "name": "10.77.216.137",
    "itemStyle": null,
    "symbolSize": 7.870364719583405,
    "x": 532,
    "y": 372,
    "attributes": {
      "modularity_class": 1
    },
    "value": "234",
    "label": {
      "show": true
    },
    "category": "1"
  },
  {
    "id": "29",
    "name": "10.49.217.3",
    "itemStyle": null,
    "symbolSize": 6.044394119358453,
    "x": 480,
    "y": 308,
    "attributes": {
      "modularity_class": 1
    },
    "value": "66",
    "label": {
      "show": true
    },
    "category": "1"
  },
  {
    "id": "30",
    "name": "10.49.148.131",
    "itemStyle": null,
    "symbolSize": 16.378328727956053,
    "x": 512,
    "y": 485,
    "attributes": {
      "modularity_class": 1
    },
    "value": "85186",
    "label": {
      "show": true
    },
    "category": "1"
  },
  {
    "id": "31",
    "name": "10.49.174.157",
    "itemStyle": null,
    "symbolSize": 9.152284842306582,
    "x": 390,
    "y": 357,
    "attributes": {
      "modularity_class": 2
    },
    "value": "569",
    "label": {
      "show": true
    },
    "category": "2"
  },
  {
    "id": "32",
    "name": "220.181.159.2",
    "itemStyle": null,
    "symbolSize": 1,
    "x": 302,
    "y": 322,
    "attributes": {
      "modularity_class": 3
    },
    "value": "2",
    "label": {
      "show": true
    },
    "category": "3"
  },
  {
    "id": "33",
    "name": "220.181.14.142",
    "itemStyle": null,
    "symbolSize": 0,
    "x": 425,
    "y": 575,
    "attributes": {
      "modularity_class": 3
    },
    "value": "1",
    "label": {
      "show": true
    },
    "category": "3"
  },
  {
    "id": "34",
    "name": "10.24.249.104",
    "itemStyle": null,
    "symbolSize": 17.34399242451692,
    "x": 387,
    "y": 544,
    "attributes": {
      "modularity_class": 4
    },
    "value": "166365",
    "label": {
      "show": true
    },
    "category": "4"
  }
],

	"links":[
  {
    "id": 0,
    "name": null,
    "source": "0",
    "target": "5",
    "lineStyle": {
      "normal": {}
    }
  },
  {
    "id": 1,
    "name": null,
    "source": "0",
    "target": "6",
    "lineStyle": {
      "normal": {}
    }
  },
  {
    "id": 2,
    "name": null,
    "source": "0",
    "target": "7",
    "lineStyle": {
      "normal": {}
    }
  },
  {
    "id": 3,
    "name": null,
    "source": "0",
    "target": "8",
    "lineStyle": {
      "normal": {}
    }
  },
  {
    "id": 4,
    "name": null,
    "source": "0",
    "target": "9",
    "lineStyle": {
      "normal": {}
    }
  },
  {
    "id": 5,
    "name": null,
    "source": "0",
    "target": "10",
    "lineStyle": {
      "normal": {}
    }
  },
  {
    "id": 6,
    "name": null,
    "source": "0",
    "target": "11",
    "lineStyle": {
      "normal": {}
    }
  },
  {
    "id": 7,
    "name": null,
    "source": "0",
    "target": "12",
    "lineStyle": {
      "normal": {}
    }
  },
  {
    "id": 8,
    "name": null,
    "source": "0",
    "target": "13",
    "lineStyle": {
      "normal": {}
    }
  },
  {
    "id": 9,
    "name": null,
    "source": "0",
    "target": "14",
    "lineStyle": {
      "normal": {}
    }
  },
  {
    "id": 10,
    "name": null,
    "source": "0",
    "target": "15",
    "lineStyle": {
      "normal": {}
    }
  },
  {
    "id": 11,
    "name": null,
    "source": "0",
    "target": "16",
    "lineStyle": {
      "normal": {}
    }
  },
  {
    "id": 12,
    "name": null,
    "source": "0",
    "target": "17",
    "lineStyle": {
      "normal": {}
    }
  },
  {
    "id": 13,
    "name": null,
    "source": "0",
    "target": "18",
    "lineStyle": {
      "normal": {}
    }
  },
  {
    "id": 14,
    "name": null,
    "source": "0",
    "target": "19",
    "lineStyle": {
      "normal": {}
    }
  },
  {
    "id": 15,
    "name": null,
    "source": "0",
    "target": "20",
    "lineStyle": {
      "normal": {}
    }
  },
  {
    "id": 16,
    "name": null,
    "source": "0",
    "target": "21",
    "lineStyle": {
      "normal": {}
    }
  },
  {
    "id": 17,
    "name": null,
    "source": "0",
    "target": "22",
    "lineStyle": {
      "normal": {}
    }
  },
  {
    "id": 18,
    "name": null,
    "source": "0",
    "target": "23",
    "lineStyle": {
      "normal": {}
    }
  },
  {
    "id": 19,
    "name": null,
    "source": "0",
    "target": "24",
    "lineStyle": {
      "normal": {}
    }
  },
  {
    "id": 20,
    "name": null,
    "source": "0",
    "target": "25",
    "lineStyle": {
      "normal": {}
    }
  },
  {
    "id": 21,
    "name": null,
    "source": "1",
    "target": "26",
    "lineStyle": {
      "normal": {}
    }
  },
  {
    "id": 22,
    "name": null,
    "source": "1",
    "target": "27",
    "lineStyle": {
      "normal": {}
    }
  },
  {
    "id": 23,
    "name": null,
    "source": "1",
    "target": "28",
    "lineStyle": {
      "normal": {}
    }
  },
  {
    "id": 24,
    "name": null,
    "source": "1",
    "target": "29",
    "lineStyle": {
      "normal": {}
    }
  },
  {
    "id": 25,
    "name": null,
    "source": "1",
    "target": "30",
    "lineStyle": {
      "normal": {}
    }
  },
  {
    "id": 26,
    "name": null,
    "source": "2",
    "target": "31",
    "lineStyle": {
      "normal": {}
    }
  },
  {
    "id": 27,
    "name": null,
    "source": "3",
    "target": "32",
    "lineStyle": {
      "normal": {}
    }
  },
  {
    "id": 28,
    "name": null,
    "source": "3",
    "target": "33",
    "lineStyle": {
      "normal": {}
    }
  },
  {
    "id": 29,
    "name": null,
    "source": "4",
    "target": "34",
    "lineStyle": {
      "normal": {}
    }
  }
]
}