{
	"nodes":[
  {
    "id": "0",
    "name": "10.49.137.87",
    "itemStyle": null,
    "symbolSize": 13.154026940926496,
    "x": 439,
    "y": 400,
    "attributes": {
      "modularity_class": 0
    },
    "value": "9115",
    "label": {
      "show": true
    },
    "category": "0"
  },
  {
    "id": "1",
    "name": "10.49.148.130",
    "itemStyle": null,
    "symbolSize": 16.387024418036862,
    "x": 348,
    "y": 580,
    "attributes": {
      "modularity_class": 1
    },
    "value": "85701",
    "label": {
      "show": true
    },
    "category": "1"
  },
  {
    "id": "2",
    "name": "10.49.178.162",
    "itemStyle": null,
    "symbolSize": 9.13699111208023,
    "x": 502,
    "y": 494,
    "attributes": {
      "modularity_class": 2
    },
    "value": "563",
    "label": {
      "show": true
    },
    "category": "2"
  },
  {
    "id": "3",
    "name": "10.49.253.219",
    "itemStyle": null,
    "symbolSize": 2.321928094887362,
    "x": 600,
    "y": 319,
    "attributes": {
      "modularity_class": 3
    },
    "value": "5",
    "label": {
      "show": true
    },
    "category": "3"
  },
  {
    "id": "4",
    "name": "10.56.92.187",
    "itemStyle": null,
    "symbolSize": 17.344633999947412,
    "x": 408,
    "y": 395,
    "attributes": {
      "modularity_class": 4
    },
    "value": "166439",
    "label": {
      "show": true
    },
    "category": "4"
  },
  {
    "id": "5",
    "name": "218.30.118.255",
    "itemStyle": null,
    "symbolSize": 0,
    "x": 339,
    "y": 555,
    "attributes": {
      "modularity_class": 0
    },
    "value": "1",
    "label": {
      "show": true
    },
    "category": "0"
  },
  {
    "id": "6",
    "name": "218.30.118.211",
    "itemStyle": null,
    "symbolSize": 3.584962500721156,
    "x": 339,
    "y": 363,
    "attributes": {
      "modularity_class": 0
    },
    "value": "12",
    "label": {
      "show": true
    },
    "category": "0"
  },
  {
    "id": "7",
    "name": "180.149.135.235",
    "itemStyle": null,
    "symbolSize": 9.643856189774725,
    "x": 564,
    "y": 542,
    "attributes": {
      "modularity_class": 0
    },
    "value": "800",
    "label": {
      "show": true
    },
    "category": "0"
  },
  {
    "id": "8",
    "name": "180.149.135.181",
    "itemStyle": null,
    "symbolSize": 9.733015321685963,
    "x": 381,
    "y": 385,
    "attributes": {
      "modularity_class": 0
    },
    "value": "851",
    "label": {
      "show": true
    },
    "category": "0"
  },
  {
    "id": "9",
    "name": "106.38.184.34",
    "itemStyle": null,
    "symbolSize": 2.321928094887362,
    "x": 324,
    "y": 367,
    "attributes": {
      "modularity_class": 0
    },
    "value": "5",
    "label": {
      "show": true
    },
    "category": "0"
  },
  {
    "id": "10",
    "name": "101.226.161.183",
    "itemStyle": null,
    "symbolSize": 4.700439718141092,
    "x": 395,
    "y": 384,
    "attributes": {
      "modularity_class": 0
    },
    "value": "26",
    "label": {
      "show": true
    },
    "category": "0"
  },
  {
    "id": "11",
    "name": "14.17.41.169",
    "itemStyle": null,
    "symbolSize": 2.584962500721156,
    "x": 513,
    "y": 331,
    "attributes": {
      "modularity_class": 0
    },
    "value": "6",
    "label": {
      "show": true
    },
    "category": "0"
  },
  {
    "id": "12",
    "name": "10.49.223.152",
    "itemStyle": null,
    "symbolSize": 11.491853096329674,
    "x": 307,
    "y": 414,
    "attributes": {
      "modularity_class": 0
    },
    "value": "2880",
    "label": {
      "show": true
    },
    "category": "0"
  },
  {
    "id": "13",
    "name": "10.49.223.117",
    "itemStyle": null,
    "symbolSize": 0,
    "x": 445,
    "y": 417,
    "attributes": {
      "modularity_class": 0
    },
    "value": "1",
    "label": {
      "show": true
    },
    "category": "0"
  },
  {
    "id": "14",
    "name": "10.49.137.165",
    "itemStyle": null,
    "symbolSize": 10.696967526234287,
    "x": 417,
    "y": 359,
    "attributes": {
      "modularity_class": 0
    },
    "value": "1660",
    "label": {
      "show": true
    },
    "category": "0"
  },
  {
    "id": "15",
    "name": "10.49.137.114",
    "itemStyle": null,
    "symbolSize": 3.169925001442312,
    "x": 310,
    "y": 575,
    "attributes": {
      "modularity_class": 0
    },
    "value": "9",
    "label": {
      "show": true
    },
    "category": "0"
  },
  {
    "id": "16",
    "name": "10.49.88.162",
    "itemStyle": null,
    "symbolSize": 6.20945336562895,
    "x": 574,
    "y": 542,
    "attributes": {
      "modularity_class": 0
    },
    "value": "74",
    "label": {
      "show": true
    },
    "category": "0"
  },
  {
    "id": "17",
    "name": "10.40.53.99",
    "itemStyle": null,
    "symbolSize": 1,
    "x": 511,
    "y": 428,
    "attributes": {
      "modularity_class": 0
    },
    "value": "2",
    "label": {
      "show": true
    },
    "category": "0"
  },
  {
    "id": "18",
    "name": "10.38.125.111",
    "itemStyle": null,
    "symbolSize": 0,
    "x": 387,
    "y": 337,
    "attributes": {
      "modularity_class": 0
    },
    "value": "1",
    "label": {
      "show": true
    },
    "category": "0"
  },
  {
    "id": "19",
    "name": "10.32.172.14",
    "itemStyle": null,
    "symbolSize": 11.44449728710381,
    "x": 523,
    "y": 513,
    "attributes": {
      "modularity_class": 0
    },
    "value": "2787",
    "label": {
      "show": true
    },
    "category": "0"
  },
  {
    "id": "20",
    "name": "91.199.212.137",
    "itemStyle": null,
    "symbolSize": 4.459431618637297,
    "x": 574,
    "y": 530,
    "attributes": {
      "modularity_class": 1
    },
    "value": "22",
    "label": {
      "show": true
    },
    "category": "1"
  },
  {
    "id": "21",
    "name": "23.54.91.32",
    "itemStyle": null,
    "symbolSize": 0,
    "x": 529,
    "y": 383,
    "attributes": {
      "modularity_class": 1
    },
    "value": "1",
    "label": {
      "show": true
    },
    "category": "1"
  },
  {
    "id": "22",
    "name": "23.7.139.32",
    "itemStyle": null,
    "symbolSize": 0,
    "x": 498,
    "y": 312,
    "attributes": {
      "modularity_class": 1
    },
    "value": "1",
    "label": {
      "show": true
    },
    "category": "1"
  },
  {
    "id": "23",
    "name": "10.77.217.3",
    "itemStyle": null,
    "symbolSize": 7.714245517666122,
    "x": 598,
    "y": 392,
    "attributes": {
      "modularity_class": 1
    },
    "value": "210",
    "label": {
      "show": true
    },
    "category": "1"
  },
  {
    "id": "24",
    "name": "10.77.216.137",
    "itemStyle": null,
    "symbolSize": 7.2761244052742375,
    "x": 542,
    "y": 418,
    "attributes": {
      "modularity_class": 1
    },
    "value": "155",
    "label": {
      "show": true
    },
    "category": "1"
  },
  {
    "id": "25",
    "name": "10.49.217.3",
    "itemStyle": null,
    "symbolSize": 5.554588851677638,
    "x": 431,
    "y": 512,
    "attributes": {
      "modularity_class": 1
    },
    "value": "47",
    "label": {
      "show": true
    },
    "category": "1"
  },
  {
    "id": "26",
    "name": "10.49.148.131",
    "itemStyle": null,
    "symbolSize": 16.37966603799109,
    "x": 566,
    "y": 497,
    "attributes": {
      "modularity_class": 1
    },
    "value": "85265",
    "label": {
      "show": true
    },
    "category": "1"
  },
  {
    "id": "27",
    "name": "10.49.174.157",
    "itemStyle": null,
    "symbolSize": 9.13699111208023,
    "x": 502,
    "y": 595,
    "attributes": {
      "modularity_class": 2
    },
    "value": "563",
    "label": {
      "show": true
    },
    "category": "2"
  },
  {
    "id": "28",
    "name": "220.181.159.2",
    "itemStyle": null,
    "symbolSize": 2,
    "x": 335,
    "y": 424,
    "attributes": {
      "modularity_class": 3
    },
    "value": "4",
    "label": {
      "show": true
    },
    "category": "3"
  },
  {
    "id": "29",
    "name": "220.181.14.154",
    "itemStyle": null,
    "symbolSize": 0,
    "x": 317,
    "y": 316,
    "attributes": {
      "modularity_class": 3
    },
    "value": "1",
    "label": {
      "show": true
    },
    "category": "3"
  },
  {
    "id": "30",
    "name": "10.24.249.104",
    "itemStyle": null,
    "symbolSize": 17.344633999947412,
    "x": 489,
    "y": 514,
    "attributes": {
      "modularity_class": 4
    },
    "value": "166439",
    "label": {
      "show": true
    },
    "category": "4"
  }
],
	"links":[
  {
    "id": 0,
    "name": null,
    "source": "0",
    "target": "5",
    "lineStyle": {
      "normal": {}
    }
  },
  {
    "id": 1,
    "name": null,
    "source": "0",
    "target": "6",
    "lineStyle": {
      "normal": {}
    }
  },
  {
    "id": 2,
    "name": null,
    "source": "0",
    "target": "7",
    "lineStyle": {
      "normal": {}
    }
  },
  {
    "id": 3,
    "name": null,
    "source": "0",
    "target": "8",
    "lineStyle": {
      "normal": {}
    }
  },
  {
    "id": 4,
    "name": null,
    "source": "0",
    "target": "9",
    "lineStyle": {
      "normal": {}
    }
  },
  {
    "id": 5,
    "name": null,
    "source": "0",
    "target": "10",
    "lineStyle": {
      "normal": {}
    }
  },
  {
    "id": 6,
    "name": null,
    "source": "0",
    "target": "11",
    "lineStyle": {
      "normal": {}
    }
  },
  {
    "id": 7,
    "name": null,
    "source": "0",
    "target": "12",
    "lineStyle": {
      "normal": {}
    }
  },
  {
    "id": 8,
    "name": null,
    "source": "0",
    "target": "13",
    "lineStyle": {
      "normal": {}
    }
  },
  {
    "id": 9,
    "name": null,
    "source": "0",
    "target": "14",
    "lineStyle": {
      "normal": {}
    }
  },
  {
    "id": 10,
    "name": null,
    "source": "0",
    "target": "15",
    "lineStyle": {
      "normal": {}
    }
  },
  {
    "id": 11,
    "name": null,
    "source": "0",
    "target": "16",
    "lineStyle": {
      "normal": {}
    }
  },
  {
    "id": 12,
    "name": null,
    "source": "0",
    "target": "17",
    "lineStyle": {
      "normal": {}
    }
  },
  {
    "id": 13,
    "name": null,
    "source": "0",
    "target": "18",
    "lineStyle": {
      "normal": {}
    }
  },
  {
    "id": 14,
    "name": null,
    "source": "0",
    "target": "19",
    "lineStyle": {
      "normal": {}
    }
  },
  {
    "id": 15,
    "name": null,
    "source": "1",
    "target": "20",
    "lineStyle": {
      "normal": {}
    }
  },
  {
    "id": 16,
    "name": null,
    "source": "1",
    "target": "21",
    "lineStyle": {
      "normal": {}
    }
  },
  {
    "id": 17,
    "name": null,
    "source": "1",
    "target": "22",
    "lineStyle": {
      "normal": {}
    }
  },
  {
    "id": 18,
    "name": null,
    "source": "1",
    "target": "23",
    "lineStyle": {
      "normal": {}
    }
  },
  {
    "id": 19,
    "name": null,
    "source": "1",
    "target": "24",
    "lineStyle": {
      "normal": {}
    }
  },
  {
    "id": 20,
    "name": null,
    "source": "1",
    "target": "25",
    "lineStyle": {
      "normal": {}
    }
  },
  {
    "id": 21,
    "name": null,
    "source": "1",
    "target": "26",
    "lineStyle": {
      "normal": {}
    }
  },
  {
    "id": 22,
    "name": null,
    "source": "2",
    "target": "27",
    "lineStyle": {
      "normal": {}
    }
  },
  {
    "id": 23,
    "name": null,
    "source": "3",
    "target": "28",
    "lineStyle": {
      "normal": {}
    }
  },
  {
    "id": 24,
    "name": null,
    "source": "3",
    "target": "29",
    "lineStyle": {
      "normal": {}
    }
  },
  {
    "id": 25,
    "name": null,
    "source": "4",
    "target": "30",
    "lineStyle": {
      "normal": {}
    }
  }
]
}