{
	"nodes":[
  {
    "id": "0",
    "name": "10.49.137.87",
    "itemStyle": null,
    "symbolSize": 16.273850223648665,
    "x": 513,
    "y": 553,
    "attributes": {
      "modularity_class": 0
    },
    "value": "79235",
    "label": {
      "show": true
    },
    "category": "0"
  },
  {
    "id": "1",
    "name": "10.49.148.130",
    "itemStyle": null,
    "symbolSize": 16.387192748730456,
    "x": 462,
    "y": 479,
    "attributes": {
      "modularity_class": 1
    },
    "value": "85711",
    "label": {
      "show": true
    },
    "category": "1"
  },
  {
    "id": "2",
    "name": "10.49.178.162",
    "itemStyle": null,
    "symbolSize": 9.108524456778168,
    "x": 393,
    "y": 323,
    "attributes": {
      "modularity_class": 2
    },
    "value": "552",
    "label": {
      "show": true
    },
    "category": "2"
  },
  {
    "id": "3",
    "name": "10.49.253.219",
    "itemStyle": null,
    "symbolSize": 9.703903573444663,
    "x": 363,
    "y": 565,
    "attributes": {
      "modularity_class": 3
    },
    "value": "834",
    "label": {
      "show": true
    },
    "category": "3"
  },
  {
    "id": "4",
    "name": "10.56.92.187",
    "itemStyle": null,
    "symbolSize": 17.258299184236712,
    "x": 558,
    "y": 439,
    "attributes": {
      "modularity_class": 4
    },
    "value": "156771",
    "label": {
      "show": true
    },
    "category": "4"
  },
  {
    "id": "5",
    "name": "220.181.150.228",
    "itemStyle": null,
    "symbolSize": 3.9068905956085187,
    "x": 418,
    "y": 441,
    "attributes": {
      "modularity_class": 0
    },
    "value": "15",
    "label": {
      "show": true
    },
    "category": "0"
  },
  {
    "id": "6",
    "name": "218.30.118.255",
    "itemStyle": null,
    "symbolSize": 4.857980995127572,
    "x": 481,
    "y": 439,
    "attributes": {
      "modularity_class": 0
    },
    "value": "29",
    "label": {
      "show": true
    },
    "category": "0"
  },
  {
    "id": "7",
    "name": "218.30.118.211",
    "itemStyle": null,
    "symbolSize": 11.222191138456333,
    "x": 510,
    "y": 591,
    "attributes": {
      "modularity_class": 0
    },
    "value": "2389",
    "label": {
      "show": true
    },
    "category": "0"
  },
  {
    "id": "8",
    "name": "183.61.46.203",
    "itemStyle": null,
    "symbolSize": 0,
    "x": 471,
    "y": 427,
    "attributes": {
      "modularity_class": 0
    },
    "value": "1",
    "label": {
      "show": true
    },
    "category": "0"
  },
  {
    "id": "9",
    "name": "180.149.135.235",
    "itemStyle": null,
    "symbolSize": 10.61654884377899,
    "x": 425,
    "y": 480,
    "attributes": {
      "modularity_class": 0
    },
    "value": "1570",
    "label": {
      "show": true
    },
    "category": "0"
  },
  {
    "id": "10",
    "name": "180.149.135.181",
    "itemStyle": null,
    "symbolSize": 10.648357582009666,
    "x": 409,
    "y": 529,
    "attributes": {
      "modularity_class": 0
    },
    "value": "1605",
    "label": {
      "show": true
    },
    "category": "0"
  },
  {
    "id": "11",
    "name": "114.112.169.254",
    "itemStyle": null,
    "symbolSize": 0,
    "x": 328,
    "y": 535,
    "attributes": {
      "modularity_class": 0
    },
    "value": "1",
    "label": {
      "show": true
    },
    "category": "0"
  },
  {
    "id": "12",
    "name": "106.120.160.142",
    "itemStyle": null,
    "symbolSize": 4.906890595608519,
    "x": 494,
    "y": 347,
    "attributes": {
      "modularity_class": 0
    },
    "value": "30",
    "label": {
      "show": true
    },
    "category": "0"
  },
  {
    "id": "13",
    "name": "106.38.184.34",
    "itemStyle": null,
    "symbolSize": 2.584962500721156,
    "x": 398,
    "y": 368,
    "attributes": {
      "modularity_class": 0
    },
    "value": "6",
    "label": {
      "show": true
    },
    "category": "0"
  },
  {
    "id": "14",
    "name": "101.226.161.183",
    "itemStyle": null,
    "symbolSize": 11.129283016944967,
    "x": 364,
    "y": 552,
    "attributes": {
      "modularity_class": 0
    },
    "value": "2240",
    "label": {
      "show": true
    },
    "category": "0"
  },
  {
    "id": "15",
    "name": "101.226.90.63",
    "itemStyle": null,
    "symbolSize": 2,
    "x": 371,
    "y": 485,
    "attributes": {
      "modularity_class": 0
    },
    "value": "4",
    "label": {
      "show": true
    },
    "category": "0"
  },
  {
    "id": "16",
    "name": "101.199.103.250",
    "itemStyle": null,
    "symbolSize": 5.857980995127572,
    "x": 326,
    "y": 520,
    "attributes": {
      "modularity_class": 0
    },
    "value": "58",
    "label": {
      "show": true
    },
    "category": "0"
  },
  {
    "id": "17",
    "name": "58.68.236.244",
    "itemStyle": null,
    "symbolSize": 1,
    "x": 337,
    "y": 575,
    "attributes": {
      "modularity_class": 0
    },
    "value": "2",
    "label": {
      "show": true
    },
    "category": "0"
  },
  {
    "id": "18",
    "name": "14.17.41.169",
    "itemStyle": null,
    "symbolSize": 10.63662462054365,
    "x": 532,
    "y": 448,
    "attributes": {
      "modularity_class": 0
    },
    "value": "1592",
    "label": {
      "show": true
    },
    "category": "0"
  },
  {
    "id": "19",
    "name": "10.55.201.254",
    "itemStyle": null,
    "symbolSize": 3,
    "x": 315,
    "y": 386,
    "attributes": {
      "modularity_class": 0
    },
    "value": "8",
    "label": {
      "show": true
    },
    "category": "0"
  },
  {
    "id": "20",
    "name": "10.55.201.194",
    "itemStyle": null,
    "symbolSize": 3.169925001442312,
    "x": 449,
    "y": 406,
    "attributes": {
      "modularity_class": 0
    },
    "value": "9",
    "label": {
      "show": true
    },
    "category": "0"
  },
  {
    "id": "21",
    "name": "10.53.120.163",
    "itemStyle": null,
    "symbolSize": 2.584962500721156,
    "x": 569,
    "y": 392,
    "attributes": {
      "modularity_class": 0
    },
    "value": "6",
    "label": {
      "show": true
    },
    "category": "0"
  },
  {
    "id": "22",
    "name": "10.53.120.38",
    "itemStyle": null,
    "symbolSize": 3.169925001442312,
    "x": 546,
    "y": 501,
    "attributes": {
      "modularity_class": 0
    },
    "value": "9",
    "label": {
      "show": true
    },
    "category": "0"
  },
  {
    "id": "23",
    "name": "10.49.223.152",
    "itemStyle": null,
    "symbolSize": 11.474719946526482,
    "x": 502,
    "y": 377,
    "attributes": {
      "modularity_class": 0
    },
    "value": "2846",
    "label": {
      "show": true
    },
    "category": "0"
  },
  {
    "id": "24",
    "name": "10.49.223.117",
    "itemStyle": null,
    "symbolSize": 11.243173983472952,
    "x": 357,
    "y": 407,
    "attributes": {
      "modularity_class": 0
    },
    "value": "2424",
    "label": {
      "show": true
    },
    "category": "0"
  },
  {
    "id": "25",
    "name": "10.49.137.242",
    "itemStyle": null,
    "symbolSize": 7.312882955284356,
    "x": 511,
    "y": 345,
    "attributes": {
      "modularity_class": 0
    },
    "value": "159",
    "label": {
      "show": true
    },
    "category": "0"
  },
  {
    "id": "26",
    "name": "10.49.137.188",
    "itemStyle": null,
    "symbolSize": 13.667998535672528,
    "x": 512,
    "y": 557,
    "attributes": {
      "modularity_class": 0
    },
    "value": "13016",
    "label": {
      "show": true
    },
    "category": "0"
  },
  {
    "id": "27",
    "name": "10.49.137.165",
    "itemStyle": null,
    "symbolSize": 13.909986810912573,
    "x": 566,
    "y": 436,
    "attributes": {
      "modularity_class": 0
    },
    "value": "15393",
    "label": {
      "show": true
    },
    "category": "0"
  },
  {
    "id": "28",
    "name": "10.49.137.114",
    "itemStyle": null,
    "symbolSize": 12.48608080265197,
    "x": 354,
    "y": 398,
    "attributes": {
      "modularity_class": 0
    },
    "value": "5737",
    "label": {
      "show": true
    },
    "category": "0"
  },
  {
    "id": "29",
    "name": "10.49.137.45",
    "itemStyle": null,
    "symbolSize": 10.1357092861044,
    "x": 378,
    "y": 379,
    "attributes": {
      "modularity_class": 0
    },
    "value": "1125",
    "label": {
      "show": true
    },
    "category": "0"
  },
  {
    "id": "30",
    "name": "10.49.88.162",
    "itemStyle": null,
    "symbolSize": 10.808159772868375,
    "x": 517,
    "y": 367,
    "attributes": {
      "modularity_class": 0
    },
    "value": "1793",
    "label": {
      "show": true
    },
    "category": "0"
  },
  {
    "id": "31",
    "name": "10.40.84.84",
    "itemStyle": null,
    "symbolSize": 2.584962500721156,
    "x": 501,
    "y": 598,
    "attributes": {
      "modularity_class": 0
    },
    "value": "6",
    "label": {
      "show": true
    },
    "category": "0"
  },
  {
    "id": "32",
    "name": "10.40.84.29",
    "itemStyle": null,
    "symbolSize": 3,
    "x": 439,
    "y": 321,
    "attributes": {
      "modularity_class": 0
    },
    "value": "8",
    "label": {
      "show": true
    },
    "category": "0"
  },
  {
    "id": "33",
    "name": "10.40.53.99",
    "itemStyle": null,
    "symbolSize": 1,
    "x": 321,
    "y": 320,
    "attributes": {
      "modularity_class": 0
    },
    "value": "2",
    "label": {
      "show": true
    },
    "category": "0"
  },
  {
    "id": "34",
    "name": "10.38.158.89",
    "itemStyle": null,
    "symbolSize": 13.82515755470108,
    "x": 444,
    "y": 417,
    "attributes": {
      "modularity_class": 0
    },
    "value": "14514",
    "label": {
      "show": true
    },
    "category": "0"
  },
  {
    "id": "35",
    "name": "10.38.158.42",
    "itemStyle": null,
    "symbolSize": 1,
    "x": 470,
    "y": 336,
    "attributes": {
      "modularity_class": 0
    },
    "value": "2",
    "label": {
      "show": true
    },
    "category": "0"
  },
  {
    "id": "36",
    "name": "10.38.125.250",
    "itemStyle": null,
    "symbolSize": 4,
    "x": 304,
    "y": 357,
    "attributes": {
      "modularity_class": 0
    },
    "value": "16",
    "label": {
      "show": true
    },
    "category": "0"
  },
  {
    "id": "37",
    "name": "10.38.125.219",
    "itemStyle": null,
    "symbolSize": 3,
    "x": 440,
    "y": 455,
    "attributes": {
      "modularity_class": 0
    },
    "value": "8",
    "label": {
      "show": true
    },
    "category": "0"
  },
  {
    "id": "38",
    "name": "10.38.125.191",
    "itemStyle": null,
    "symbolSize": 3.169925001442312,
    "x": 392,
    "y": 372,
    "attributes": {
      "modularity_class": 0
    },
    "value": "9",
    "label": {
      "show": true
    },
    "category": "0"
  },
  {
    "id": "39",
    "name": "10.38.125.180",
    "itemStyle": null,
    "symbolSize": 3.169925001442312,
    "x": 513,
    "y": 309,
    "attributes": {
      "modularity_class": 0
    },
    "value": "9",
    "label": {
      "show": true
    },
    "category": "0"
  },
  {
    "id": "40",
    "name": "10.38.125.169",
    "itemStyle": null,
    "symbolSize": 3.169925001442312,
    "x": 340,
    "y": 405,
    "attributes": {
      "modularity_class": 0
    },
    "value": "9",
    "label": {
      "show": true
    },
    "category": "0"
  },
  {
    "id": "41",
    "name": "10.38.125.152",
    "itemStyle": null,
    "symbolSize": 3,
    "x": 594,
    "y": 586,
    "attributes": {
      "modularity_class": 0
    },
    "value": "8",
    "label": {
      "show": true
    },
    "category": "0"
  },
  {
    "id": "42",
    "name": "10.38.125.34",
    "itemStyle": null,
    "symbolSize": 4.087462841250339,
    "x": 572,
    "y": 308,
    "attributes": {
      "modularity_class": 0
    },
    "value": "17",
    "label": {
      "show": true
    },
    "category": "0"
  },
  {
    "id": "43",
    "name": "10.38.125.19",
    "itemStyle": null,
    "symbolSize": 4.169925001442312,
    "x": 370,
    "y": 406,
    "attributes": {
      "modularity_class": 0
    },
    "value": "18",
    "label": {
      "show": true
    },
    "category": "0"
  },
  {
    "id": "44",
    "name": "10.38.125.10",
    "itemStyle": null,
    "symbolSize": 3.807354922057604,
    "x": 530,
    "y": 548,
    "attributes": {
      "modularity_class": 0
    },
    "value": "14",
    "label": {
      "show": true
    },
    "category": "0"
  },
  {
    "id": "45",
    "name": "10.37.85.76",
    "itemStyle": null,
    "symbolSize": 11.399811959325685,
    "x": 391,
    "y": 521,
    "attributes": {
      "modularity_class": 0
    },
    "value": "2702",
    "label": {
      "show": true
    },
    "category": "0"
  },
  {
    "id": "46",
    "name": "10.37.70.4",
    "itemStyle": null,
    "symbolSize": 3,
    "x": 568,
    "y": 307,
    "attributes": {
      "modularity_class": 0
    },
    "value": "8",
    "label": {
      "show": true
    },
    "category": "0"
  },
  {
    "id": "47",
    "name": "10.37.69.144",
    "itemStyle": null,
    "symbolSize": 3,
    "x": 412,
    "y": 373,
    "attributes": {
      "modularity_class": 0
    },
    "value": "8",
    "label": {
      "show": true
    },
    "category": "0"
  },
  {
    "id": "48",
    "name": "10.36.44.162",
    "itemStyle": null,
    "symbolSize": 2.584962500721156,
    "x": 579,
    "y": 380,
    "attributes": {
      "modularity_class": 0
    },
    "value": "6",
    "label": {
      "show": true
    },
    "category": "0"
  },
  {
    "id": "49",
    "name": "10.36.44.120",
    "itemStyle": null,
    "symbolSize": 2.807354922057604,
    "x": 449,
    "y": 371,
    "attributes": {
      "modularity_class": 0
    },
    "value": "7",
    "label": {
      "show": true
    },
    "category": "0"
  },
  {
    "id": "50",
    "name": "10.36.44.95",
    "itemStyle": null,
    "symbolSize": 3.169925001442312,
    "x": 507,
    "y": 535,
    "attributes": {
      "modularity_class": 0
    },
    "value": "9",
    "label": {
      "show": true
    },
    "category": "0"
  },
  {
    "id": "51",
    "name": "10.35.39.240",
    "itemStyle": null,
    "symbolSize": 5.087462841250339,
    "x": 405,
    "y": 555,
    "attributes": {
      "modularity_class": 0
    },
    "value": "34",
    "label": {
      "show": true
    },
    "category": "0"
  },
  {
    "id": "52",
    "name": "10.32.172.196",
    "itemStyle": null,
    "symbolSize": 3.169925001442312,
    "x": 435,
    "y": 345,
    "attributes": {
      "modularity_class": 0
    },
    "value": "9",
    "label": {
      "show": true
    },
    "category": "0"
  },
  {
    "id": "53",
    "name": "10.32.172.186",
    "itemStyle": null,
    "symbolSize": 3,
    "x": 380,
    "y": 411,
    "attributes": {
      "modularity_class": 0
    },
    "value": "8",
    "label": {
      "show": true
    },
    "category": "0"
  },
  {
    "id": "54",
    "name": "10.32.172.165",
    "itemStyle": null,
    "symbolSize": 3,
    "x": 503,
    "y": 561,
    "attributes": {
      "modularity_class": 0
    },
    "value": "8",
    "label": {
      "show": true
    },
    "category": "0"
  },
  {
    "id": "55",
    "name": "10.32.172.113",
    "itemStyle": null,
    "symbolSize": 3.169925001442312,
    "x": 470,
    "y": 437,
    "attributes": {
      "modularity_class": 0
    },
    "value": "9",
    "label": {
      "show": true
    },
    "category": "0"
  },
  {
    "id": "56",
    "name": "10.32.172.56",
    "itemStyle": null,
    "symbolSize": 3.169925001442312,
    "x": 421,
    "y": 489,
    "attributes": {
      "modularity_class": 0
    },
    "value": "9",
    "label": {
      "show": true
    },
    "category": "0"
  },
  {
    "id": "57",
    "name": "10.32.172.39",
    "itemStyle": null,
    "symbolSize": 3.169925001442312,
    "x": 452,
    "y": 495,
    "attributes": {
      "modularity_class": 0
    },
    "value": "9",
    "label": {
      "show": true
    },
    "category": "0"
  },
  {
    "id": "58",
    "name": "10.32.172.14",
    "itemStyle": null,
    "symbolSize": 11.370687406807217,
    "x": 460,
    "y": 486,
    "attributes": {
      "modularity_class": 0
    },
    "value": "2648",
    "label": {
      "show": true
    },
    "category": "0"
  },
  {
    "id": "59",
    "name": "10.32.49.245",
    "itemStyle": null,
    "symbolSize": 3.169925001442312,
    "x": 310,
    "y": 331,
    "attributes": {
      "modularity_class": 0
    },
    "value": "9",
    "label": {
      "show": true
    },
    "category": "0"
  },
  {
    "id": "60",
    "name": "10.32.49.219",
    "itemStyle": null,
    "symbolSize": 4.087462841250339,
    "x": 466,
    "y": 547,
    "attributes": {
      "modularity_class": 0
    },
    "value": "17",
    "label": {
      "show": true
    },
    "category": "0"
  },
  {
    "id": "61",
    "name": "10.32.49.185",
    "itemStyle": null,
    "symbolSize": 3.169925001442312,
    "x": 400,
    "y": 555,
    "attributes": {
      "modularity_class": 0
    },
    "value": "9",
    "label": {
      "show": true
    },
    "category": "0"
  },
  {
    "id": "62",
    "name": "10.32.49.159",
    "itemStyle": null,
    "symbolSize": 3.169925001442312,
    "x": 534,
    "y": 348,
    "attributes": {
      "modularity_class": 0
    },
    "value": "9",
    "label": {
      "show": true
    },
    "category": "0"
  },
  {
    "id": "63",
    "name": "10.32.49.152",
    "itemStyle": null,
    "symbolSize": 3.169925001442312,
    "x": 470,
    "y": 518,
    "attributes": {
      "modularity_class": 0
    },
    "value": "9",
    "label": {
      "show": true
    },
    "category": "0"
  },
  {
    "id": "64",
    "name": "10.32.49.135",
    "itemStyle": null,
    "symbolSize": 3.169925001442312,
    "x": 444,
    "y": 517,
    "attributes": {
      "modularity_class": 0
    },
    "value": "9",
    "label": {
      "show": true
    },
    "category": "0"
  },
  {
    "id": "65",
    "name": "10.32.49.132",
    "itemStyle": null,
    "symbolSize": 3.169925001442312,
    "x": 418,
    "y": 343,
    "attributes": {
      "modularity_class": 0
    },
    "value": "9",
    "label": {
      "show": true
    },
    "category": "0"
  },
  {
    "id": "66",
    "name": "10.32.49.107",
    "itemStyle": null,
    "symbolSize": 2.807354922057604,
    "x": 495,
    "y": 570,
    "attributes": {
      "modularity_class": 0
    },
    "value": "7",
    "label": {
      "show": true
    },
    "category": "0"
  },
  {
    "id": "67",
    "name": "10.32.49.55",
    "itemStyle": null,
    "symbolSize": 2.807354922057604,
    "x": 376,
    "y": 546,
    "attributes": {
      "modularity_class": 0
    },
    "value": "7",
    "label": {
      "show": true
    },
    "category": "0"
  },
  {
    "id": "68",
    "name": "10.32.49.48",
    "itemStyle": null,
    "symbolSize": 3.169925001442312,
    "x": 517,
    "y": 518,
    "attributes": {
      "modularity_class": 0
    },
    "value": "9",
    "label": {
      "show": true
    },
    "category": "0"
  },
  {
    "id": "69",
    "name": "10.32.49.44",
    "itemStyle": null,
    "symbolSize": 3.169925001442312,
    "x": 460,
    "y": 480,
    "attributes": {
      "modularity_class": 0
    },
    "value": "9",
    "label": {
      "show": true
    },
    "category": "0"
  },
  {
    "id": "70",
    "name": "10.32.49.30",
    "itemStyle": null,
    "symbolSize": 2,
    "x": 434,
    "y": 545,
    "attributes": {
      "modularity_class": 0
    },
    "value": "4",
    "label": {
      "show": true
    },
    "category": "0"
  },
  {
    "id": "71",
    "name": "10.32.49.13",
    "itemStyle": null,
    "symbolSize": 3.169925001442312,
    "x": 428,
    "y": 583,
    "attributes": {
      "modularity_class": 0
    },
    "value": "9",
    "label": {
      "show": true
    },
    "category": "0"
  },
  {
    "id": "72",
    "name": "10.32.42.216",
    "itemStyle": null,
    "symbolSize": 3,
    "x": 373,
    "y": 573,
    "attributes": {
      "modularity_class": 0
    },
    "value": "8",
    "label": {
      "show": true
    },
    "category": "0"
  },
  {
    "id": "73",
    "name": "10.32.6.252",
    "itemStyle": null,
    "symbolSize": 2.584962500721156,
    "x": 382,
    "y": 439,
    "attributes": {
      "modularity_class": 0
    },
    "value": "6",
    "label": {
      "show": true
    },
    "category": "0"
  },
  {
    "id": "74",
    "name": "10.32.6.250",
    "itemStyle": null,
    "symbolSize": 3.169925001442312,
    "x": 392,
    "y": 303,
    "attributes": {
      "modularity_class": 0
    },
    "value": "9",
    "label": {
      "show": true
    },
    "category": "0"
  },
  {
    "id": "75",
    "name": "10.32.6.236",
    "itemStyle": null,
    "symbolSize": 4.087462841250339,
    "x": 337,
    "y": 541,
    "attributes": {
      "modularity_class": 0
    },
    "value": "17",
    "label": {
      "show": true
    },
    "category": "0"
  },
  {
    "id": "76",
    "name": "10.32.6.226",
    "itemStyle": null,
    "symbolSize": 4.087462841250339,
    "x": 578,
    "y": 355,
    "attributes": {
      "modularity_class": 0
    },
    "value": "17",
    "label": {
      "show": true
    },
    "category": "0"
  },
  {
    "id": "77",
    "name": "10.32.6.221",
    "itemStyle": null,
    "symbolSize": 4,
    "x": 528,
    "y": 387,
    "attributes": {
      "modularity_class": 0
    },
    "value": "16",
    "label": {
      "show": true
    },
    "category": "0"
  },
  {
    "id": "78",
    "name": "10.32.6.217",
    "itemStyle": null,
    "symbolSize": 4.169925001442312,
    "x": 446,
    "y": 547,
    "attributes": {
      "modularity_class": 0
    },
    "value": "18",
    "label": {
      "show": true
    },
    "category": "0"
  },
  {
    "id": "79",
    "name": "10.32.6.192",
    "itemStyle": null,
    "symbolSize": 1,
    "x": 569,
    "y": 305,
    "attributes": {
      "modularity_class": 0
    },
    "value": "2",
    "label": {
      "show": true
    },
    "category": "0"
  },
  {
    "id": "80",
    "name": "10.32.6.142",
    "itemStyle": null,
    "symbolSize": 3.700439718141092,
    "x": 434,
    "y": 360,
    "attributes": {
      "modularity_class": 0
    },
    "value": "13",
    "label": {
      "show": true
    },
    "category": "0"
  },
  {
    "id": "81",
    "name": "10.32.6.139",
    "itemStyle": null,
    "symbolSize": 3.807354922057604,
    "x": 323,
    "y": 344,
    "attributes": {
      "modularity_class": 0
    },
    "value": "14",
    "label": {
      "show": true
    },
    "category": "0"
  },
  {
    "id": "82",
    "name": "10.32.6.94",
    "itemStyle": null,
    "symbolSize": 4.523561956057013,
    "x": 487,
    "y": 451,
    "attributes": {
      "modularity_class": 0
    },
    "value": "23",
    "label": {
      "show": true
    },
    "category": "0"
  },
  {
    "id": "83",
    "name": "10.32.6.53",
    "itemStyle": null,
    "symbolSize": 4.169925001442312,
    "x": 487,
    "y": 545,
    "attributes": {
      "modularity_class": 0
    },
    "value": "18",
    "label": {
      "show": true
    },
    "category": "0"
  },
  {
    "id": "84",
    "name": "10.32.6.11",
    "itemStyle": null,
    "symbolSize": 4.169925001442312,
    "x": 408,
    "y": 454,
    "attributes": {
      "modularity_class": 0
    },
    "value": "18",
    "label": {
      "show": true
    },
    "category": "0"
  },
  {
    "id": "85",
    "name": "10.24.249.240",
    "itemStyle": null,
    "symbolSize": 3,
    "x": 502,
    "y": 454,
    "attributes": {
      "modularity_class": 0
    },
    "value": "8",
    "label": {
      "show": true
    },
    "category": "0"
  },
  {
    "id": "86",
    "name": "10.24.249.216",
    "itemStyle": null,
    "symbolSize": 2.584962500721156,
    "x": 332,
    "y": 362,
    "attributes": {
      "modularity_class": 0
    },
    "value": "6",
    "label": {
      "show": true
    },
    "category": "0"
  },
  {
    "id": "87",
    "name": "10.24.249.151",
    "itemStyle": null,
    "symbolSize": 3,
    "x": 552,
    "y": 336,
    "attributes": {
      "modularity_class": 0
    },
    "value": "8",
    "label": {
      "show": true
    },
    "category": "0"
  },
  {
    "id": "88",
    "name": "10.24.249.140",
    "itemStyle": null,
    "symbolSize": 4.857980995127572,
    "x": 447,
    "y": 497,
    "attributes": {
      "modularity_class": 0
    },
    "value": "29",
    "label": {
      "show": true
    },
    "category": "0"
  },
  {
    "id": "89",
    "name": "10.24.249.110",
    "itemStyle": null,
    "symbolSize": 3,
    "x": 594,
    "y": 479,
    "attributes": {
      "modularity_class": 0
    },
    "value": "8",
    "label": {
      "show": true
    },
    "category": "0"
  },
  {
    "id": "90",
    "name": "10.24.249.32",
    "itemStyle": null,
    "symbolSize": 3.169925001442312,
    "x": 321,
    "y": 385,
    "attributes": {
      "modularity_class": 0
    },
    "value": "9",
    "label": {
      "show": true
    },
    "category": "0"
  },
  {
    "id": "91",
    "name": "10.24.249.14",
    "itemStyle": null,
    "symbolSize": 3.169925001442312,
    "x": 512,
    "y": 536,
    "attributes": {
      "modularity_class": 0
    },
    "value": "9",
    "label": {
      "show": true
    },
    "category": "0"
  },
  {
    "id": "92",
    "name": "10.24.249.13",
    "itemStyle": null,
    "symbolSize": 3.169925001442312,
    "x": 566,
    "y": 531,
    "attributes": {
      "modularity_class": 0
    },
    "value": "9",
    "label": {
      "show": true
    },
    "category": "0"
  },
  {
    "id": "93",
    "name": "10.24.243.184",
    "itemStyle": null,
    "symbolSize": 3,
    "x": 348,
    "y": 596,
    "attributes": {
      "modularity_class": 0
    },
    "value": "8",
    "label": {
      "show": true
    },
    "category": "0"
  },
  {
    "id": "94",
    "name": "10.24.243.157",
    "itemStyle": null,
    "symbolSize": 2.321928094887362,
    "x": 564,
    "y": 442,
    "attributes": {
      "modularity_class": 0
    },
    "value": "5",
    "label": {
      "show": true
    },
    "category": "0"
  },
  {
    "id": "95",
    "name": "10.24.243.145",
    "itemStyle": null,
    "symbolSize": 3.169925001442312,
    "x": 431,
    "y": 443,
    "attributes": {
      "modularity_class": 0
    },
    "value": "9",
    "label": {
      "show": true
    },
    "category": "0"
  },
  {
    "id": "96",
    "name": "10.24.243.67",
    "itemStyle": null,
    "symbolSize": 2.584962500721156,
    "x": 532,
    "y": 435,
    "attributes": {
      "modularity_class": 0
    },
    "value": "6",
    "label": {
      "show": true
    },
    "category": "0"
  },
  {
    "id": "97",
    "name": "10.24.243.44",
    "itemStyle": null,
    "symbolSize": 2.321928094887362,
    "x": 477,
    "y": 476,
    "attributes": {
      "modularity_class": 0
    },
    "value": "5",
    "label": {
      "show": true
    },
    "category": "0"
  },
  {
    "id": "98",
    "name": "10.24.243.31",
    "itemStyle": null,
    "symbolSize": 3.169925001442312,
    "x": 465,
    "y": 552,
    "attributes": {
      "modularity_class": 0
    },
    "value": "9",
    "label": {
      "show": true
    },
    "category": "0"
  },
  {
    "id": "99",
    "name": "10.24.243.27",
    "itemStyle": null,
    "symbolSize": 2.807354922057604,
    "x": 497,
    "y": 459,
    "attributes": {
      "modularity_class": 0
    },
    "value": "7",
    "label": {
      "show": true
    },
    "category": "0"
  },
  {
    "id": "100",
    "name": "10.24.240.218",
    "itemStyle": null,
    "symbolSize": 11.417852514885897,
    "x": 304,
    "y": 360,
    "attributes": {
      "modularity_class": 0
    },
    "value": "2736",
    "label": {
      "show": true
    },
    "category": "0"
  },
  {
    "id": "101",
    "name": "10.24.172.210",
    "itemStyle": null,
    "symbolSize": 10.563196272216738,
    "x": 574,
    "y": 510,
    "attributes": {
      "modularity_class": 0
    },
    "value": "1513",
    "label": {
      "show": true
    },
    "category": "0"
  },
  {
    "id": "102",
    "name": "10.24.146.78",
    "itemStyle": null,
    "symbolSize": 0,
    "x": 354,
    "y": 305,
    "attributes": {
      "modularity_class": 0
    },
    "value": "1",
    "label": {
      "show": true
    },
    "category": "0"
  },
  {
    "id": "103",
    "name": "10.24.146.67",
    "itemStyle": null,
    "symbolSize": 0,
    "x": 326,
    "y": 397,
    "attributes": {
      "modularity_class": 0
    },
    "value": "1",
    "label": {
      "show": true
    },
    "category": "0"
  },
  {
    "id": "104",
    "name": "10.24.104.141",
    "itemStyle": null,
    "symbolSize": 2.584962500721156,
    "x": 320,
    "y": 347,
    "attributes": {
      "modularity_class": 0
    },
    "value": "6",
    "label": {
      "show": true
    },
    "category": "0"
  },
  {
    "id": "105",
    "name": "10.24.66.181",
    "itemStyle": null,
    "symbolSize": 0,
    "x": 311,
    "y": 393,
    "attributes": {
      "modularity_class": 0
    },
    "value": "1",
    "label": {
      "show": true
    },
    "category": "0"
  },
  {
    "id": "106",
    "name": "10.24.65.1",
    "itemStyle": null,
    "symbolSize": 3.169925001442312,
    "x": 386,
    "y": 537,
    "attributes": {
      "modularity_class": 0
    },
    "value": "9",
    "label": {
      "show": true
    },
    "category": "0"
  },
  {
    "id": "107",
    "name": "10.24.64.230",
    "itemStyle": null,
    "symbolSize": 4.169925001442312,
    "x": 436,
    "y": 554,
    "attributes": {
      "modularity_class": 0
    },
    "value": "18",
    "label": {
      "show": true
    },
    "category": "0"
  },
  {
    "id": "108",
    "name": "10.24.64.222",
    "itemStyle": null,
    "symbolSize": 3.807354922057604,
    "x": 431,
    "y": 319,
    "attributes": {
      "modularity_class": 0
    },
    "value": "14",
    "label": {
      "show": true
    },
    "category": "0"
  },
  {
    "id": "109",
    "name": "10.24.64.215",
    "itemStyle": null,
    "symbolSize": 4.087462841250339,
    "x": 501,
    "y": 370,
    "attributes": {
      "modularity_class": 0
    },
    "value": "17",
    "label": {
      "show": true
    },
    "category": "0"
  },
  {
    "id": "110",
    "name": "10.24.64.176",
    "itemStyle": null,
    "symbolSize": 4.169925001442312,
    "x": 556,
    "y": 322,
    "attributes": {
      "modularity_class": 0
    },
    "value": "18",
    "label": {
      "show": true
    },
    "category": "0"
  },
  {
    "id": "111",
    "name": "10.24.64.166",
    "itemStyle": null,
    "symbolSize": 4.169925001442312,
    "x": 551,
    "y": 550,
    "attributes": {
      "modularity_class": 0
    },
    "value": "18",
    "label": {
      "show": true
    },
    "category": "0"
  },
  {
    "id": "112",
    "name": "10.24.64.77",
    "itemStyle": null,
    "symbolSize": 4.169925001442312,
    "x": 455,
    "y": 461,
    "attributes": {
      "modularity_class": 0
    },
    "value": "18",
    "label": {
      "show": true
    },
    "category": "0"
  },
  {
    "id": "113",
    "name": "10.24.64.64",
    "itemStyle": null,
    "symbolSize": 3.9068905956085187,
    "x": 506,
    "y": 585,
    "attributes": {
      "modularity_class": 0
    },
    "value": "15",
    "label": {
      "show": true
    },
    "category": "0"
  },
  {
    "id": "114",
    "name": "10.24.64.62",
    "itemStyle": null,
    "symbolSize": 3.169925001442312,
    "x": 339,
    "y": 572,
    "attributes": {
      "modularity_class": 0
    },
    "value": "9",
    "label": {
      "show": true
    },
    "category": "0"
  },
  {
    "id": "115",
    "name": "10.24.64.54",
    "itemStyle": null,
    "symbolSize": 4.169925001442312,
    "x": 402,
    "y": 544,
    "attributes": {
      "modularity_class": 0
    },
    "value": "18",
    "label": {
      "show": true
    },
    "category": "0"
  },
  {
    "id": "116",
    "name": "10.24.64.46",
    "itemStyle": null,
    "symbolSize": 3.4594316186372973,
    "x": 594,
    "y": 469,
    "attributes": {
      "modularity_class": 0
    },
    "value": "11",
    "label": {
      "show": true
    },
    "category": "0"
  },
  {
    "id": "117",
    "name": "10.24.64.24",
    "itemStyle": null,
    "symbolSize": 3.700439718141092,
    "x": 353,
    "y": 452,
    "attributes": {
      "modularity_class": 0
    },
    "value": "13",
    "label": {
      "show": true
    },
    "category": "0"
  },
  {
    "id": "118",
    "name": "10.24.50.4",
    "itemStyle": null,
    "symbolSize": 3.169925001442312,
    "x": 383,
    "y": 599,
    "attributes": {
      "modularity_class": 0
    },
    "value": "9",
    "label": {
      "show": true
    },
    "category": "0"
  },
  {
    "id": "119",
    "name": "10.24.49.239",
    "itemStyle": null,
    "symbolSize": 2.807354922057604,
    "x": 337,
    "y": 579,
    "attributes": {
      "modularity_class": 0
    },
    "value": "7",
    "label": {
      "show": true
    },
    "category": "0"
  },
  {
    "id": "120",
    "name": "10.24.49.210",
    "itemStyle": null,
    "symbolSize": 4.087462841250339,
    "x": 563,
    "y": 320,
    "attributes": {
      "modularity_class": 0
    },
    "value": "17",
    "label": {
      "show": true
    },
    "category": "0"
  },
  {
    "id": "121",
    "name": "10.24.49.207",
    "itemStyle": null,
    "symbolSize": 3,
    "x": 438,
    "y": 598,
    "attributes": {
      "modularity_class": 0
    },
    "value": "8",
    "label": {
      "show": true
    },
    "category": "0"
  },
  {
    "id": "122",
    "name": "10.24.49.172",
    "itemStyle": null,
    "symbolSize": 3.169925001442312,
    "x": 490,
    "y": 309,
    "attributes": {
      "modularity_class": 0
    },
    "value": "9",
    "label": {
      "show": true
    },
    "category": "0"
  },
  {
    "id": "123",
    "name": "10.24.49.152",
    "itemStyle": null,
    "symbolSize": 3,
    "x": 447,
    "y": 530,
    "attributes": {
      "modularity_class": 0
    },
    "value": "8",
    "label": {
      "show": true
    },
    "category": "0"
  },
  {
    "id": "124",
    "name": "10.24.49.144",
    "itemStyle": null,
    "symbolSize": 3.169925001442312,
    "x": 418,
    "y": 445,
    "attributes": {
      "modularity_class": 0
    },
    "value": "9",
    "label": {
      "show": true
    },
    "category": "0"
  },
  {
    "id": "125",
    "name": "10.24.49.29",
    "itemStyle": null,
    "symbolSize": 2.584962500721156,
    "x": 548,
    "y": 406,
    "attributes": {
      "modularity_class": 0
    },
    "value": "6",
    "label": {
      "show": true
    },
    "category": "0"
  },
  {
    "id": "126",
    "name": "10.24.49.25",
    "itemStyle": null,
    "symbolSize": 3,
    "x": 549,
    "y": 400,
    "attributes": {
      "modularity_class": 0
    },
    "value": "8",
    "label": {
      "show": true
    },
    "category": "0"
  },
  {
    "id": "127",
    "name": "10.23.167.74",
    "itemStyle": null,
    "symbolSize": 10.925554439873554,
    "x": 500,
    "y": 440,
    "attributes": {
      "modularity_class": 0
    },
    "value": "1945",
    "label": {
      "show": true
    },
    "category": "0"
  },
  {
    "id": "128",
    "name": "10.22.249.227",
    "itemStyle": null,
    "symbolSize": 3.169925001442312,
    "x": 498,
    "y": 512,
    "attributes": {
      "modularity_class": 0
    },
    "value": "9",
    "label": {
      "show": true
    },
    "category": "0"
  },
  {
    "id": "129",
    "name": "10.22.249.220",
    "itemStyle": null,
    "symbolSize": 3.169925001442312,
    "x": 452,
    "y": 408,
    "attributes": {
      "modularity_class": 0
    },
    "value": "9",
    "label": {
      "show": true
    },
    "category": "0"
  },
  {
    "id": "130",
    "name": "10.22.249.169",
    "itemStyle": null,
    "symbolSize": 3.169925001442312,
    "x": 385,
    "y": 360,
    "attributes": {
      "modularity_class": 0
    },
    "value": "9",
    "label": {
      "show": true
    },
    "category": "0"
  },
  {
    "id": "131",
    "name": "10.22.249.116",
    "itemStyle": null,
    "symbolSize": 3.169925001442312,
    "x": 458,
    "y": 516,
    "attributes": {
      "modularity_class": 0
    },
    "value": "9",
    "label": {
      "show": true
    },
    "category": "0"
  },
  {
    "id": "132",
    "name": "10.22.249.109",
    "itemStyle": null,
    "symbolSize": 3,
    "x": 304,
    "y": 510,
    "attributes": {
      "modularity_class": 0
    },
    "value": "8",
    "label": {
      "show": true
    },
    "category": "0"
  },
  {
    "id": "133",
    "name": "10.22.249.91",
    "itemStyle": null,
    "symbolSize": 3,
    "x": 462,
    "y": 333,
    "attributes": {
      "modularity_class": 0
    },
    "value": "8",
    "label": {
      "show": true
    },
    "category": "0"
  },
  {
    "id": "134",
    "name": "10.22.249.83",
    "itemStyle": null,
    "symbolSize": 3.169925001442312,
    "x": 487,
    "y": 392,
    "attributes": {
      "modularity_class": 0
    },
    "value": "9",
    "label": {
      "show": true
    },
    "category": "0"
  },
  {
    "id": "135",
    "name": "10.22.249.37",
    "itemStyle": null,
    "symbolSize": 3,
    "x": 439,
    "y": 543,
    "attributes": {
      "modularity_class": 0
    },
    "value": "8",
    "label": {
      "show": true
    },
    "category": "0"
  },
  {
    "id": "136",
    "name": "10.21.253.1",
    "itemStyle": null,
    "symbolSize": 0,
    "x": 375,
    "y": 384,
    "attributes": {
      "modularity_class": 0
    },
    "value": "1",
    "label": {
      "show": true
    },
    "category": "0"
  },
  {
    "id": "137",
    "name": "10.21.252.230",
    "itemStyle": null,
    "symbolSize": 2.321928094887362,
    "x": 361,
    "y": 523,
    "attributes": {
      "modularity_class": 0
    },
    "value": "5",
    "label": {
      "show": true
    },
    "category": "0"
  },
  {
    "id": "138",
    "name": "10.21.252.222",
    "itemStyle": null,
    "symbolSize": 0,
    "x": 582,
    "y": 378,
    "attributes": {
      "modularity_class": 0
    },
    "value": "1",
    "label": {
      "show": true
    },
    "category": "0"
  },
  {
    "id": "139",
    "name": "10.21.252.221",
    "itemStyle": null,
    "symbolSize": 0,
    "x": 305,
    "y": 304,
    "attributes": {
      "modularity_class": 0
    },
    "value": "1",
    "label": {
      "show": true
    },
    "category": "0"
  },
  {
    "id": "140",
    "name": "10.21.252.217",
    "itemStyle": null,
    "symbolSize": 1,
    "x": 502,
    "y": 497,
    "attributes": {
      "modularity_class": 0
    },
    "value": "2",
    "label": {
      "show": true
    },
    "category": "0"
  },
  {
    "id": "141",
    "name": "10.21.252.215",
    "itemStyle": null,
    "symbolSize": 0,
    "x": 568,
    "y": 574,
    "attributes": {
      "modularity_class": 0
    },
    "value": "1",
    "label": {
      "show": true
    },
    "category": "0"
  },
  {
    "id": "142",
    "name": "10.21.252.166",
    "itemStyle": null,
    "symbolSize": 0,
    "x": 398,
    "y": 337,
    "attributes": {
      "modularity_class": 0
    },
    "value": "1",
    "label": {
      "show": true
    },
    "category": "0"
  },
  {
    "id": "143",
    "name": "10.21.252.77",
    "itemStyle": null,
    "symbolSize": 0,
    "x": 336,
    "y": 540,
    "attributes": {
      "modularity_class": 0
    },
    "value": "1",
    "label": {
      "show": true
    },
    "category": "0"
  },
  {
    "id": "144",
    "name": "10.21.252.46",
    "itemStyle": null,
    "symbolSize": 0,
    "x": 507,
    "y": 518,
    "attributes": {
      "modularity_class": 0
    },
    "value": "1",
    "label": {
      "show": true
    },
    "category": "0"
  },
  {
    "id": "145",
    "name": "10.21.252.11",
    "itemStyle": null,
    "symbolSize": 0,
    "x": 364,
    "y": 447,
    "attributes": {
      "modularity_class": 0
    },
    "value": "1",
    "label": {
      "show": true
    },
    "category": "0"
  },
  {
    "id": "146",
    "name": "10.21.250.4",
    "itemStyle": null,
    "symbolSize": 2.321928094887362,
    "x": 459,
    "y": 382,
    "attributes": {
      "modularity_class": 0
    },
    "value": "5",
    "label": {
      "show": true
    },
    "category": "0"
  },
  {
    "id": "147",
    "name": "10.21.249.244",
    "itemStyle": null,
    "symbolSize": 3.169925001442312,
    "x": 597,
    "y": 339,
    "attributes": {
      "modularity_class": 0
    },
    "value": "9",
    "label": {
      "show": true
    },
    "category": "0"
  },
  {
    "id": "148",
    "name": "10.21.249.196",
    "itemStyle": null,
    "symbolSize": 2.807354922057604,
    "x": 319,
    "y": 472,
    "attributes": {
      "modularity_class": 0
    },
    "value": "7",
    "label": {
      "show": true
    },
    "category": "0"
  },
  {
    "id": "149",
    "name": "10.21.249.190",
    "itemStyle": null,
    "symbolSize": 3,
    "x": 549,
    "y": 422,
    "attributes": {
      "modularity_class": 0
    },
    "value": "8",
    "label": {
      "show": true
    },
    "category": "0"
  },
  {
    "id": "150",
    "name": "10.21.249.173",
    "itemStyle": null,
    "symbolSize": 3,
    "x": 453,
    "y": 423,
    "attributes": {
      "modularity_class": 0
    },
    "value": "8",
    "label": {
      "show": true
    },
    "category": "0"
  },
  {
    "id": "151",
    "name": "10.21.249.152",
    "itemStyle": null,
    "symbolSize": 3.169925001442312,
    "x": 557,
    "y": 514,
    "attributes": {
      "modularity_class": 0
    },
    "value": "9",
    "label": {
      "show": true
    },
    "category": "0"
  },
  {
    "id": "152",
    "name": "10.21.249.84",
    "itemStyle": null,
    "symbolSize": 3.169925001442312,
    "x": 365,
    "y": 428,
    "attributes": {
      "modularity_class": 0
    },
    "value": "9",
    "label": {
      "show": true
    },
    "category": "0"
  },
  {
    "id": "153",
    "name": "10.21.249.66",
    "itemStyle": null,
    "symbolSize": 2.584962500721156,
    "x": 375,
    "y": 567,
    "attributes": {
      "modularity_class": 0
    },
    "value": "6",
    "label": {
      "show": true
    },
    "category": "0"
  },
  {
    "id": "154",
    "name": "10.21.249.48",
    "itemStyle": null,
    "symbolSize": 3,
    "x": 394,
    "y": 539,
    "attributes": {
      "modularity_class": 0
    },
    "value": "8",
    "label": {
      "show": true
    },
    "category": "0"
  },
  {
    "id": "155",
    "name": "10.21.249.16",
    "itemStyle": null,
    "symbolSize": 3.169925001442312,
    "x": 576,
    "y": 432,
    "attributes": {
      "modularity_class": 0
    },
    "value": "9",
    "label": {
      "show": true
    },
    "category": "0"
  },
  {
    "id": "156",
    "name": "220.181.158.208",
    "itemStyle": null,
    "symbolSize": 2.584962500721156,
    "x": 407,
    "y": 561,
    "attributes": {
      "modularity_class": 1
    },
    "value": "6",
    "label": {
      "show": true
    },
    "category": "1"
  },
  {
    "id": "157",
    "name": "91.199.212.137",
    "itemStyle": null,
    "symbolSize": 6.584962500721156,
    "x": 462,
    "y": 334,
    "attributes": {
      "modularity_class": 1
    },
    "value": "96",
    "label": {
      "show": true
    },
    "category": "1"
  },
  {
    "id": "158",
    "name": "23.44.155.32",
    "itemStyle": null,
    "symbolSize": 0,
    "x": 461,
    "y": 539,
    "attributes": {
      "modularity_class": 1
    },
    "value": "1",
    "label": {
      "show": true
    },
    "category": "1"
  },
  {
    "id": "159",
    "name": "10.77.217.3",
    "itemStyle": null,
    "symbolSize": 7.7481928495894605,
    "x": 322,
    "y": 312,
    "attributes": {
      "modularity_class": 1
    },
    "value": "215",
    "label": {
      "show": true
    },
    "category": "1"
  },
  {
    "id": "160",
    "name": "10.77.216.137",
    "itemStyle": null,
    "symbolSize": 7.417852514885898,
    "x": 514,
    "y": 522,
    "attributes": {
      "modularity_class": 1
    },
    "value": "171",
    "label": {
      "show": true
    },
    "category": "1"
  },
  {
    "id": "161",
    "name": "10.49.217.3",
    "itemStyle": null,
    "symbolSize": 4.906890595608519,
    "x": 500,
    "y": 352,
    "attributes": {
      "modularity_class": 1
    },
    "value": "30",
    "label": {
      "show": true
    },
    "category": "1"
  },
  {
    "id": "162",
    "name": "10.49.148.131",
    "itemStyle": null,
    "symbolSize": 16.378430339317248,
    "x": 370,
    "y": 314,
    "attributes": {
      "modularity_class": 1
    },
    "value": "85192",
    "label": {
      "show": true
    },
    "category": "1"
  },
  {
    "id": "163",
    "name": "10.49.174.157",
    "itemStyle": null,
    "symbolSize": 9.108524456778168,
    "x": 331,
    "y": 382,
    "attributes": {
      "modularity_class": 2
    },
    "value": "552",
    "label": {
      "show": true
    },
    "category": "2"
  },
  {
    "id": "164",
    "name": "220.181.159.2",
    "itemStyle": null,
    "symbolSize": 4.584962500721156,
    "x": 544,
    "y": 564,
    "attributes": {
      "modularity_class": 3
    },
    "value": "24",
    "label": {
      "show": true
    },
    "category": "3"
  },
  {
    "id": "165",
    "name": "220.181.14.154",
    "itemStyle": null,
    "symbolSize": 0,
    "x": 532,
    "y": 302,
    "attributes": {
      "modularity_class": 3
    },
    "value": "1",
    "label": {
      "show": true
    },
    "category": "3"
  },
  {
    "id": "166",
    "name": "10.49.253.127",
    "itemStyle": null,
    "symbolSize": 6.6865005271832185,
    "x": 477,
    "y": 562,
    "attributes": {
      "modularity_class": 3
    },
    "value": "103",
    "label": {
      "show": true
    },
    "category": "3"
  },
  {
    "id": "167",
    "name": "10.49.253.15",
    "itemStyle": null,
    "symbolSize": 3.700439718141092,
    "x": 573,
    "y": 358,
    "attributes": {
      "modularity_class": 3
    },
    "value": "13",
    "label": {
      "show": true
    },
    "category": "3"
  },
  {
    "id": "168",
    "name": "10.49.217.3",
    "itemStyle": null,
    "symbolSize": 6.832890014164741,
    "x": 443,
    "y": 589,
    "attributes": {
      "modularity_class": 3
    },
    "value": "114",
    "label": {
      "show": true
    },
    "category": "3"
  },
  {
    "id": "169",
    "name": "10.49.137.141",
    "itemStyle": null,
    "symbolSize": 9.177419537989236,
    "x": 387,
    "y": 578,
    "attributes": {
      "modularity_class": 3
    },
    "value": "579",
    "label": {
      "show": true
    },
    "category": "3"
  },
  {
    "id": "170",
    "name": "10.24.249.104",
    "itemStyle": null,
    "symbolSize": 17.258299184236712,
    "x": 412,
    "y": 414,
    "attributes": {
      "modularity_class": 4
    },
    "value": "156771",
    "label": {
      "show": true
    },
    "category": "4"
  }
],
	"links":[
  {
    "id": 0,
    "name": null,
    "source": "0",
    "target": "5",
    "lineStyle": {
      "normal": {}
    }
  },
  {
    "id": 1,
    "name": null,
    "source": "0",
    "target": "6",
    "lineStyle": {
      "normal": {}
    }
  },
  {
    "id": 2,
    "name": null,
    "source": "0",
    "target": "7",
    "lineStyle": {
      "normal": {}
    }
  },
  {
    "id": 3,
    "name": null,
    "source": "0",
    "target": "8",
    "lineStyle": {
      "normal": {}
    }
  },
  {
    "id": 4,
    "name": null,
    "source": "0",
    "target": "9",
    "lineStyle": {
      "normal": {}
    }
  },
  {
    "id": 5,
    "name": null,
    "source": "0",
    "target": "10",
    "lineStyle": {
      "normal": {}
    }
  },
  {
    "id": 6,
    "name": null,
    "source": "0",
    "target": "11",
    "lineStyle": {
      "normal": {}
    }
  },
  {
    "id": 7,
    "name": null,
    "source": "0",
    "target": "12",
    "lineStyle": {
      "normal": {}
    }
  },
  {
    "id": 8,
    "name": null,
    "source": "0",
    "target": "13",
    "lineStyle": {
      "normal": {}
    }
  },
  {
    "id": 9,
    "name": null,
    "source": "0",
    "target": "14",
    "lineStyle": {
      "normal": {}
    }
  },
  {
    "id": 10,
    "name": null,
    "source": "0",
    "target": "15",
    "lineStyle": {
      "normal": {}
    }
  },
  {
    "id": 11,
    "name": null,
    "source": "0",
    "target": "16",
    "lineStyle": {
      "normal": {}
    }
  },
  {
    "id": 12,
    "name": null,
    "source": "0",
    "target": "17",
    "lineStyle": {
      "normal": {}
    }
  },
  {
    "id": 13,
    "name": null,
    "source": "0",
    "target": "18",
    "lineStyle": {
      "normal": {}
    }
  },
  {
    "id": 14,
    "name": null,
    "source": "0",
    "target": "19",
    "lineStyle": {
      "normal": {}
    }
  },
  {
    "id": 15,
    "name": null,
    "source": "0",
    "target": "20",
    "lineStyle": {
      "normal": {}
    }
  },
  {
    "id": 16,
    "name": null,
    "source": "0",
    "target": "21",
    "lineStyle": {
      "normal": {}
    }
  },
  {
    "id": 17,
    "name": null,
    "source": "0",
    "target": "22",
    "lineStyle": {
      "normal": {}
    }
  },
  {
    "id": 18,
    "name": null,
    "source": "0",
    "target": "23",
    "lineStyle": {
      "normal": {}
    }
  },
  {
    "id": 19,
    "name": null,
    "source": "0",
    "target": "24",
    "lineStyle": {
      "normal": {}
    }
  },
  {
    "id": 20,
    "name": null,
    "source": "0",
    "target": "25",
    "lineStyle": {
      "normal": {}
    }
  },
  {
    "id": 21,
    "name": null,
    "source": "0",
    "target": "26",
    "lineStyle": {
      "normal": {}
    }
  },
  {
    "id": 22,
    "name": null,
    "source": "0",
    "target": "27",
    "lineStyle": {
      "normal": {}
    }
  },
  {
    "id": 23,
    "name": null,
    "source": "0",
    "target": "28",
    "lineStyle": {
      "normal": {}
    }
  },
  {
    "id": 24,
    "name": null,
    "source": "0",
    "target": "29",
    "lineStyle": {
      "normal": {}
    }
  },
  {
    "id": 25,
    "name": null,
    "source": "0",
    "target": "30",
    "lineStyle": {
      "normal": {}
    }
  },
  {
    "id": 26,
    "name": null,
    "source": "0",
    "target": "31",
    "lineStyle": {
      "normal": {}
    }
  },
  {
    "id": 27,
    "name": null,
    "source": "0",
    "target": "32",
    "lineStyle": {
      "normal": {}
    }
  },
  {
    "id": 28,
    "name": null,
    "source": "0",
    "target": "33",
    "lineStyle": {
      "normal": {}
    }
  },
  {
    "id": 29,
    "name": null,
    "source": "0",
    "target": "34",
    "lineStyle": {
      "normal": {}
    }
  },
  {
    "id": 30,
    "name": null,
    "source": "0",
    "target": "35",
    "lineStyle": {
      "normal": {}
    }
  },
  {
    "id": 31,
    "name": null,
    "source": "0",
    "target": "36",
    "lineStyle": {
      "normal": {}
    }
  },
  {
    "id": 32,
    "name": null,
    "source": "0",
    "target": "37",
    "lineStyle": {
      "normal": {}
    }
  },
  {
    "id": 33,
    "name": null,
    "source": "0",
    "target": "38",
    "lineStyle": {
      "normal": {}
    }
  },
  {
    "id": 34,
    "name": null,
    "source": "0",
    "target": "39",
    "lineStyle": {
      "normal": {}
    }
  },
  {
    "id": 35,
    "name": null,
    "source": "0",
    "target": "40",
    "lineStyle": {
      "normal": {}
    }
  },
  {
    "id": 36,
    "name": null,
    "source": "0",
    "target": "41",
    "lineStyle": {
      "normal": {}
    }
  },
  {
    "id": 37,
    "name": null,
    "source": "0",
    "target": "42",
    "lineStyle": {
      "normal": {}
    }
  },
  {
    "id": 38,
    "name": null,
    "source": "0",
    "target": "43",
    "lineStyle": {
      "normal": {}
    }
  },
  {
    "id": 39,
    "name": null,
    "source": "0",
    "target": "44",
    "lineStyle": {
      "normal": {}
    }
  },
  {
    "id": 40,
    "name": null,
    "source": "0",
    "target": "45",
    "lineStyle": {
      "normal": {}
    }
  },
  {
    "id": 41,
    "name": null,
    "source": "0",
    "target": "46",
    "lineStyle": {
      "normal": {}
    }
  },
  {
    "id": 42,
    "name": null,
    "source": "0",
    "target": "47",
    "lineStyle": {
      "normal": {}
    }
  },
  {
    "id": 43,
    "name": null,
    "source": "0",
    "target": "48",
    "lineStyle": {
      "normal": {}
    }
  },
  {
    "id": 44,
    "name": null,
    "source": "0",
    "target": "49",
    "lineStyle": {
      "normal": {}
    }
  },
  {
    "id": 45,
    "name": null,
    "source": "0",
    "target": "50",
    "lineStyle": {
      "normal": {}
    }
  },
  {
    "id": 46,
    "name": null,
    "source": "0",
    "target": "51",
    "lineStyle": {
      "normal": {}
    }
  },
  {
    "id": 47,
    "name": null,
    "source": "0",
    "target": "52",
    "lineStyle": {
      "normal": {}
    }
  },
  {
    "id": 48,
    "name": null,
    "source": "0",
    "target": "53",
    "lineStyle": {
      "normal": {}
    }
  },
  {
    "id": 49,
    "name": null,
    "source": "0",
    "target": "54",
    "lineStyle": {
      "normal": {}
    }
  },
  {
    "id": 50,
    "name": null,
    "source": "0",
    "target": "55",
    "lineStyle": {
      "normal": {}
    }
  },
  {
    "id": 51,
    "name": null,
    "source": "0",
    "target": "56",
    "lineStyle": {
      "normal": {}
    }
  },
  {
    "id": 52,
    "name": null,
    "source": "0",
    "target": "57",
    "lineStyle": {
      "normal": {}
    }
  },
  {
    "id": 53,
    "name": null,
    "source": "0",
    "target": "58",
    "lineStyle": {
      "normal": {}
    }
  },
  {
    "id": 54,
    "name": null,
    "source": "0",
    "target": "59",
    "lineStyle": {
      "normal": {}
    }
  },
  {
    "id": 55,
    "name": null,
    "source": "0",
    "target": "60",
    "lineStyle": {
      "normal": {}
    }
  },
  {
    "id": 56,
    "name": null,
    "source": "0",
    "target": "61",
    "lineStyle": {
      "normal": {}
    }
  },
  {
    "id": 57,
    "name": null,
    "source": "0",
    "target": "62",
    "lineStyle": {
      "normal": {}
    }
  },
  {
    "id": 58,
    "name": null,
    "source": "0",
    "target": "63",
    "lineStyle": {
      "normal": {}
    }
  },
  {
    "id": 59,
    "name": null,
    "source": "0",
    "target": "64",
    "lineStyle": {
      "normal": {}
    }
  },
  {
    "id": 60,
    "name": null,
    "source": "0",
    "target": "65",
    "lineStyle": {
      "normal": {}
    }
  },
  {
    "id": 61,
    "name": null,
    "source": "0",
    "target": "66",
    "lineStyle": {
      "normal": {}
    }
  },
  {
    "id": 62,
    "name": null,
    "source": "0",
    "target": "67",
    "lineStyle": {
      "normal": {}
    }
  },
  {
    "id": 63,
    "name": null,
    "source": "0",
    "target": "68",
    "lineStyle": {
      "normal": {}
    }
  },
  {
    "id": 64,
    "name": null,
    "source": "0",
    "target": "69",
    "lineStyle": {
      "normal": {}
    }
  },
  {
    "id": 65,
    "name": null,
    "source": "0",
    "target": "70",
    "lineStyle": {
      "normal": {}
    }
  },
  {
    "id": 66,
    "name": null,
    "source": "0",
    "target": "71",
    "lineStyle": {
      "normal": {}
    }
  },
  {
    "id": 67,
    "name": null,
    "source": "0",
    "target": "72",
    "lineStyle": {
      "normal": {}
    }
  },
  {
    "id": 68,
    "name": null,
    "source": "0",
    "target": "73",
    "lineStyle": {
      "normal": {}
    }
  },
  {
    "id": 69,
    "name": null,
    "source": "0",
    "target": "74",
    "lineStyle": {
      "normal": {}
    }
  },
  {
    "id": 70,
    "name": null,
    "source": "0",
    "target": "75",
    "lineStyle": {
      "normal": {}
    }
  },
  {
    "id": 71,
    "name": null,
    "source": "0",
    "target": "76",
    "lineStyle": {
      "normal": {}
    }
  },
  {
    "id": 72,
    "name": null,
    "source": "0",
    "target": "77",
    "lineStyle": {
      "normal": {}
    }
  },
  {
    "id": 73,
    "name": null,
    "source": "0",
    "target": "78",
    "lineStyle": {
      "normal": {}
    }
  },
  {
    "id": 74,
    "name": null,
    "source": "0",
    "target": "79",
    "lineStyle": {
      "normal": {}
    }
  },
  {
    "id": 75,
    "name": null,
    "source": "0",
    "target": "80",
    "lineStyle": {
      "normal": {}
    }
  },
  {
    "id": 76,
    "name": null,
    "source": "0",
    "target": "81",
    "lineStyle": {
      "normal": {}
    }
  },
  {
    "id": 77,
    "name": null,
    "source": "0",
    "target": "82",
    "lineStyle": {
      "normal": {}
    }
  },
  {
    "id": 78,
    "name": null,
    "source": "0",
    "target": "83",
    "lineStyle": {
      "normal": {}
    }
  },
  {
    "id": 79,
    "name": null,
    "source": "0",
    "target": "84",
    "lineStyle": {
      "normal": {}
    }
  },
  {
    "id": 80,
    "name": null,
    "source": "0",
    "target": "85",
    "lineStyle": {
      "normal": {}
    }
  },
  {
    "id": 81,
    "name": null,
    "source": "0",
    "target": "86",
    "lineStyle": {
      "normal": {}
    }
  },
  {
    "id": 82,
    "name": null,
    "source": "0",
    "target": "87",
    "lineStyle": {
      "normal": {}
    }
  },
  {
    "id": 83,
    "name": null,
    "source": "0",
    "target": "88",
    "lineStyle": {
      "normal": {}
    }
  },
  {
    "id": 84,
    "name": null,
    "source": "0",
    "target": "89",
    "lineStyle": {
      "normal": {}
    }
  },
  {
    "id": 85,
    "name": null,
    "source": "0",
    "target": "90",
    "lineStyle": {
      "normal": {}
    }
  },
  {
    "id": 86,
    "name": null,
    "source": "0",
    "target": "91",
    "lineStyle": {
      "normal": {}
    }
  },
  {
    "id": 87,
    "name": null,
    "source": "0",
    "target": "92",
    "lineStyle": {
      "normal": {}
    }
  },
  {
    "id": 88,
    "name": null,
    "source": "0",
    "target": "93",
    "lineStyle": {
      "normal": {}
    }
  },
  {
    "id": 89,
    "name": null,
    "source": "0",
    "target": "94",
    "lineStyle": {
      "normal": {}
    }
  },
  {
    "id": 90,
    "name": null,
    "source": "0",
    "target": "95",
    "lineStyle": {
      "normal": {}
    }
  },
  {
    "id": 91,
    "name": null,
    "source": "0",
    "target": "96",
    "lineStyle": {
      "normal": {}
    }
  },
  {
    "id": 92,
    "name": null,
    "source": "0",
    "target": "97",
    "lineStyle": {
      "normal": {}
    }
  },
  {
    "id": 93,
    "name": null,
    "source": "0",
    "target": "98",
    "lineStyle": {
      "normal": {}
    }
  },
  {
    "id": 94,
    "name": null,
    "source": "0",
    "target": "99",
    "lineStyle": {
      "normal": {}
    }
  },
  {
    "id": 95,
    "name": null,
    "source": "0",
    "target": "100",
    "lineStyle": {
      "normal": {}
    }
  },
  {
    "id": 96,
    "name": null,
    "source": "0",
    "target": "101",
    "lineStyle": {
      "normal": {}
    }
  },
  {
    "id": 97,
    "name": null,
    "source": "0",
    "target": "102",
    "lineStyle": {
      "normal": {}
    }
  },
  {
    "id": 98,
    "name": null,
    "source": "0",
    "target": "103",
    "lineStyle": {
      "normal": {}
    }
  },
  {
    "id": 99,
    "name": null,
    "source": "0",
    "target": "104",
    "lineStyle": {
      "normal": {}
    }
  },
  {
    "id": 100,
    "name": null,
    "source": "0",
    "target": "105",
    "lineStyle": {
      "normal": {}
    }
  },
  {
    "id": 101,
    "name": null,
    "source": "0",
    "target": "106",
    "lineStyle": {
      "normal": {}
    }
  },
  {
    "id": 102,
    "name": null,
    "source": "0",
    "target": "107",
    "lineStyle": {
      "normal": {}
    }
  },
  {
    "id": 103,
    "name": null,
    "source": "0",
    "target": "108",
    "lineStyle": {
      "normal": {}
    }
  },
  {
    "id": 104,
    "name": null,
    "source": "0",
    "target": "109",
    "lineStyle": {
      "normal": {}
    }
  },
  {
    "id": 105,
    "name": null,
    "source": "0",
    "target": "110",
    "lineStyle": {
      "normal": {}
    }
  },
  {
    "id": 106,
    "name": null,
    "source": "0",
    "target": "111",
    "lineStyle": {
      "normal": {}
    }
  },
  {
    "id": 107,
    "name": null,
    "source": "0",
    "target": "112",
    "lineStyle": {
      "normal": {}
    }
  },
  {
    "id": 108,
    "name": null,
    "source": "0",
    "target": "113",
    "lineStyle": {
      "normal": {}
    }
  },
  {
    "id": 109,
    "name": null,
    "source": "0",
    "target": "114",
    "lineStyle": {
      "normal": {}
    }
  },
  {
    "id": 110,
    "name": null,
    "source": "0",
    "target": "115",
    "lineStyle": {
      "normal": {}
    }
  },
  {
    "id": 111,
    "name": null,
    "source": "0",
    "target": "116",
    "lineStyle": {
      "normal": {}
    }
  },
  {
    "id": 112,
    "name": null,
    "source": "0",
    "target": "117",
    "lineStyle": {
      "normal": {}
    }
  },
  {
    "id": 113,
    "name": null,
    "source": "0",
    "target": "118",
    "lineStyle": {
      "normal": {}
    }
  },
  {
    "id": 114,
    "name": null,
    "source": "0",
    "target": "119",
    "lineStyle": {
      "normal": {}
    }
  },
  {
    "id": 115,
    "name": null,
    "source": "0",
    "target": "120",
    "lineStyle": {
      "normal": {}
    }
  },
  {
    "id": 116,
    "name": null,
    "source": "0",
    "target": "121",
    "lineStyle": {
      "normal": {}
    }
  },
  {
    "id": 117,
    "name": null,
    "source": "0",
    "target": "122",
    "lineStyle": {
      "normal": {}
    }
  },
  {
    "id": 118,
    "name": null,
    "source": "0",
    "target": "123",
    "lineStyle": {
      "normal": {}
    }
  },
  {
    "id": 119,
    "name": null,
    "source": "0",
    "target": "124",
    "lineStyle": {
      "normal": {}
    }
  },
  {
    "id": 120,
    "name": null,
    "source": "0",
    "target": "125",
    "lineStyle": {
      "normal": {}
    }
  },
  {
    "id": 121,
    "name": null,
    "source": "0",
    "target": "126",
    "lineStyle": {
      "normal": {}
    }
  },
  {
    "id": 122,
    "name": null,
    "source": "0",
    "target": "127",
    "lineStyle": {
      "normal": {}
    }
  },
  {
    "id": 123,
    "name": null,
    "source": "0",
    "target": "128",
    "lineStyle": {
      "normal": {}
    }
  },
  {
    "id": 124,
    "name": null,
    "source": "0",
    "target": "129",
    "lineStyle": {
      "normal": {}
    }
  },
  {
    "id": 125,
    "name": null,
    "source": "0",
    "target": "130",
    "lineStyle": {
      "normal": {}
    }
  },
  {
    "id": 126,
    "name": null,
    "source": "0",
    "target": "131",
    "lineStyle": {
      "normal": {}
    }
  },
  {
    "id": 127,
    "name": null,
    "source": "0",
    "target": "132",
    "lineStyle": {
      "normal": {}
    }
  },
  {
    "id": 128,
    "name": null,
    "source": "0",
    "target": "133",
    "lineStyle": {
      "normal": {}
    }
  },
  {
    "id": 129,
    "name": null,
    "source": "0",
    "target": "134",
    "lineStyle": {
      "normal": {}
    }
  },
  {
    "id": 130,
    "name": null,
    "source": "0",
    "target": "135",
    "lineStyle": {
      "normal": {}
    }
  },
  {
    "id": 131,
    "name": null,
    "source": "0",
    "target": "136",
    "lineStyle": {
      "normal": {}
    }
  },
  {
    "id": 132,
    "name": null,
    "source": "0",
    "target": "137",
    "lineStyle": {
      "normal": {}
    }
  },
  {
    "id": 133,
    "name": null,
    "source": "0",
    "target": "138",
    "lineStyle": {
      "normal": {}
    }
  },
  {
    "id": 134,
    "name": null,
    "source": "0",
    "target": "139",
    "lineStyle": {
      "normal": {}
    }
  },
  {
    "id": 135,
    "name": null,
    "source": "0",
    "target": "140",
    "lineStyle": {
      "normal": {}
    }
  },
  {
    "id": 136,
    "name": null,
    "source": "0",
    "target": "141",
    "lineStyle": {
      "normal": {}
    }
  },
  {
    "id": 137,
    "name": null,
    "source": "0",
    "target": "142",
    "lineStyle": {
      "normal": {}
    }
  },
  {
    "id": 138,
    "name": null,
    "source": "0",
    "target": "143",
    "lineStyle": {
      "normal": {}
    }
  },
  {
    "id": 139,
    "name": null,
    "source": "0",
    "target": "144",
    "lineStyle": {
      "normal": {}
    }
  },
  {
    "id": 140,
    "name": null,
    "source": "0",
    "target": "145",
    "lineStyle": {
      "normal": {}
    }
  },
  {
    "id": 141,
    "name": null,
    "source": "0",
    "target": "146",
    "lineStyle": {
      "normal": {}
    }
  },
  {
    "id": 142,
    "name": null,
    "source": "0",
    "target": "147",
    "lineStyle": {
      "normal": {}
    }
  },
  {
    "id": 143,
    "name": null,
    "source": "0",
    "target": "148",
    "lineStyle": {
      "normal": {}
    }
  },
  {
    "id": 144,
    "name": null,
    "source": "0",
    "target": "149",
    "lineStyle": {
      "normal": {}
    }
  },
  {
    "id": 145,
    "name": null,
    "source": "0",
    "target": "150",
    "lineStyle": {
      "normal": {}
    }
  },
  {
    "id": 146,
    "name": null,
    "source": "0",
    "target": "151",
    "lineStyle": {
      "normal": {}
    }
  },
  {
    "id": 147,
    "name": null,
    "source": "0",
    "target": "152",
    "lineStyle": {
      "normal": {}
    }
  },
  {
    "id": 148,
    "name": null,
    "source": "0",
    "target": "153",
    "lineStyle": {
      "normal": {}
    }
  },
  {
    "id": 149,
    "name": null,
    "source": "0",
    "target": "154",
    "lineStyle": {
      "normal": {}
    }
  },
  {
    "id": 150,
    "name": null,
    "source": "0",
    "target": "155",
    "lineStyle": {
      "normal": {}
    }
  },
  {
    "id": 151,
    "name": null,
    "source": "1",
    "target": "156",
    "lineStyle": {
      "normal": {}
    }
  },
  {
    "id": 152,
    "name": null,
    "source": "1",
    "target": "157",
    "lineStyle": {
      "normal": {}
    }
  },
  {
    "id": 153,
    "name": null,
    "source": "1",
    "target": "158",
    "lineStyle": {
      "normal": {}
    }
  },
  {
    "id": 154,
    "name": null,
    "source": "1",
    "target": "159",
    "lineStyle": {
      "normal": {}
    }
  },
  {
    "id": 155,
    "name": null,
    "source": "1",
    "target": "160",
    "lineStyle": {
      "normal": {}
    }
  },
  {
    "id": 156,
    "name": null,
    "source": "1",
    "target": "161",
    "lineStyle": {
      "normal": {}
    }
  },
  {
    "id": 157,
    "name": null,
    "source": "1",
    "target": "162",
    "lineStyle": {
      "normal": {}
    }
  },
  {
    "id": 158,
    "name": null,
    "source": "2",
    "target": "163",
    "lineStyle": {
      "normal": {}
    }
  },
  {
    "id": 159,
    "name": null,
    "source": "3",
    "target": "164",
    "lineStyle": {
      "normal": {}
    }
  },
  {
    "id": 160,
    "name": null,
    "source": "3",
    "target": "165",
    "lineStyle": {
      "normal": {}
    }
  },
  {
    "id": 161,
    "name": null,
    "source": "3",
    "target": "166",
    "lineStyle": {
      "normal": {}
    }
  },
  {
    "id": 162,
    "name": null,
    "source": "3",
    "target": "167",
    "lineStyle": {
      "normal": {}
    }
  },
  {
    "id": 163,
    "name": null,
    "source": "3",
    "target": "168",
    "lineStyle": {
      "normal": {}
    }
  },
  {
    "id": 164,
    "name": null,
    "source": "3",
    "target": "169",
    "lineStyle": {
      "normal": {}
    }
  },
  {
    "id": 165,
    "name": null,
    "source": "4",
    "target": "170",
    "lineStyle": {
      "normal": {}
    }
  }
]
}