{
	"nodes":[
  {
    "id": "0",
    "name": "10.49.137.87",
    "itemStyle": null,
    "symbolSize": 16.495683296992098,
    "x": 328,
    "y": 467,
    "attributes": {
      "modularity_class": 0
    },
    "value": "92405",
    "label": {
      "show": true
    },
    "category": "0"
  },
  {
    "id": "1",
    "name": "10.49.148.130",
    "itemStyle": null,
    "symbolSize": 16.39297139826049,
    "x": 396,
    "y": 532,
    "attributes": {
      "modularity_class": 1
    },
    "value": "86055",
    "label": {
      "show": true
    },
    "category": "1"
  },
  {
    "id": "2",
    "name": "10.49.178.162",
    "itemStyle": null,
    "symbolSize": 9.139551352398794,
    "x": 373,
    "y": 559,
    "attributes": {
      "modularity_class": 2
    },
    "value": "564",
    "label": {
      "show": true
    },
    "category": "2"
  },
  {
    "id": "3",
    "name": "10.49.253.219",
    "itemStyle": null,
    "symbolSize": 9.813781191217037,
    "x": 450,
    "y": 371,
    "attributes": {
      "modularity_class": 3
    },
    "value": "900",
    "label": {
      "show": true
    },
    "category": "3"
  },
  {
    "id": "4",
    "name": "10.56.92.187",
    "itemStyle": null,
    "symbolSize": 17.31570681448391,
    "x": 399,
    "y": 510,
    "attributes": {
      "modularity_class": 4
    },
    "value": "163135",
    "label": {
      "show": true
    },
    "category": "4"
  },
  {
    "id": "5",
    "name": "220.181.150.228",
    "itemStyle": null,
    "symbolSize": 6.6293566200796095,
    "x": 582,
    "y": 421,
    "attributes": {
      "modularity_class": 0
    },
    "value": "99",
    "label": {
      "show": true
    },
    "category": "0"
  },
  {
    "id": "6",
    "name": "218.30.118.255",
    "itemStyle": null,
    "symbolSize": 6.930737337562887,
    "x": 521,
    "y": 519,
    "attributes": {
      "modularity_class": 0
    },
    "value": "122",
    "label": {
      "show": true
    },
    "category": "0"
  },
  {
    "id": "7",
    "name": "218.30.118.211",
    "itemStyle": null,
    "symbolSize": 4.321928094887363,
    "x": 355,
    "y": 341,
    "attributes": {
      "modularity_class": 0
    },
    "value": "20",
    "label": {
      "show": true
    },
    "category": "0"
  },
  {
    "id": "8",
    "name": "180.149.135.235",
    "itemStyle": null,
    "symbolSize": 9.65284497300198,
    "x": 378,
    "y": 312,
    "attributes": {
      "modularity_class": 0
    },
    "value": "805",
    "label": {
      "show": true
    },
    "category": "0"
  },
  {
    "id": "9",
    "name": "180.149.135.181",
    "itemStyle": null,
    "symbolSize": 9.709083812550343,
    "x": 366,
    "y": 539,
    "attributes": {
      "modularity_class": 0
    },
    "value": "837",
    "label": {
      "show": true
    },
    "category": "0"
  },
  {
    "id": "10",
    "name": "106.120.160.142",
    "itemStyle": null,
    "symbolSize": 4.459431618637297,
    "x": 491,
    "y": 405,
    "attributes": {
      "modularity_class": 0
    },
    "value": "22",
    "label": {
      "show": true
    },
    "category": "0"
  },
  {
    "id": "11",
    "name": "106.38.184.34",
    "itemStyle": null,
    "symbolSize": 2.584962500721156,
    "x": 572,
    "y": 562,
    "attributes": {
      "modularity_class": 0
    },
    "value": "6",
    "label": {
      "show": true
    },
    "category": "0"
  },
  {
    "id": "12",
    "name": "101.226.161.183",
    "itemStyle": null,
    "symbolSize": 10.71338651493703,
    "x": 510,
    "y": 457,
    "attributes": {
      "modularity_class": 0
    },
    "value": "1679",
    "label": {
      "show": true
    },
    "category": "0"
  },
  {
    "id": "13",
    "name": "101.226.90.63",
    "itemStyle": null,
    "symbolSize": 10.646558710154547,
    "x": 336,
    "y": 597,
    "attributes": {
      "modularity_class": 0
    },
    "value": "1603",
    "label": {
      "show": true
    },
    "category": "0"
  },
  {
    "id": "14",
    "name": "101.199.103.250",
    "itemStyle": null,
    "symbolSize": 5.426264754702098,
    "x": 401,
    "y": 589,
    "attributes": {
      "modularity_class": 0
    },
    "value": "43",
    "label": {
      "show": true
    },
    "category": "0"
  },
  {
    "id": "15",
    "name": "14.17.41.169",
    "itemStyle": null,
    "symbolSize": 3.584962500721156,
    "x": 576,
    "y": 568,
    "attributes": {
      "modularity_class": 0
    },
    "value": "12",
    "label": {
      "show": true
    },
    "category": "0"
  },
  {
    "id": "16",
    "name": "10.49.223.152",
    "itemStyle": null,
    "symbolSize": 11.488844346457336,
    "x": 404,
    "y": 597,
    "attributes": {
      "modularity_class": 0
    },
    "value": "2874",
    "label": {
      "show": true
    },
    "category": "0"
  },
  {
    "id": "17",
    "name": "10.49.223.117",
    "itemStyle": null,
    "symbolSize": 10.002815015607053,
    "x": 489,
    "y": 390,
    "attributes": {
      "modularity_class": 0
    },
    "value": "1026",
    "label": {
      "show": true
    },
    "category": "0"
  },
  {
    "id": "18",
    "name": "10.49.137.242",
    "itemStyle": null,
    "symbolSize": 5.087462841250339,
    "x": 554,
    "y": 411,
    "attributes": {
      "modularity_class": 0
    },
    "value": "34",
    "label": {
      "show": true
    },
    "category": "0"
  },
  {
    "id": "19",
    "name": "10.49.137.188",
    "itemStyle": null,
    "symbolSize": 15.770121851423292,
    "x": 558,
    "y": 341,
    "attributes": {
      "modularity_class": 0
    },
    "value": "55883",
    "label": {
      "show": true
    },
    "category": "0"
  },
  {
    "id": "20",
    "name": "10.49.137.165",
    "itemStyle": null,
    "symbolSize": 13.430713885791938,
    "x": 513,
    "y": 302,
    "attributes": {
      "modularity_class": 0
    },
    "value": "11042",
    "label": {
      "show": true
    },
    "category": "0"
  },
  {
    "id": "21",
    "name": "10.49.137.114",
    "itemStyle": null,
    "symbolSize": 7.6865005271832185,
    "x": 488,
    "y": 461,
    "attributes": {
      "modularity_class": 0
    },
    "value": "206",
    "label": {
      "show": true
    },
    "category": "0"
  },
  {
    "id": "22",
    "name": "10.49.137.45",
    "itemStyle": null,
    "symbolSize": 10.800899899920305,
    "x": 596,
    "y": 331,
    "attributes": {
      "modularity_class": 0
    },
    "value": "1784",
    "label": {
      "show": true
    },
    "category": "0"
  },
  {
    "id": "23",
    "name": "10.49.88.162",
    "itemStyle": null,
    "symbolSize": 11.850577547205614,
    "x": 552,
    "y": 394,
    "attributes": {
      "modularity_class": 0
    },
    "value": "3693",
    "label": {
      "show": true
    },
    "category": "0"
  },
  {
    "id": "24",
    "name": "10.42.130.186",
    "itemStyle": null,
    "symbolSize": 1,
    "x": 335,
    "y": 450,
    "attributes": {
      "modularity_class": 0
    },
    "value": "2",
    "label": {
      "show": true
    },
    "category": "0"
  },
  {
    "id": "25",
    "name": "10.40.53.99",
    "itemStyle": null,
    "symbolSize": 2,
    "x": 549,
    "y": 329,
    "attributes": {
      "modularity_class": 0
    },
    "value": "4",
    "label": {
      "show": true
    },
    "category": "0"
  },
  {
    "id": "26",
    "name": "10.38.158.89",
    "itemStyle": null,
    "symbolSize": 9.25502856981873,
    "x": 408,
    "y": 340,
    "attributes": {
      "modularity_class": 0
    },
    "value": "611",
    "label": {
      "show": true
    },
    "category": "0"
  },
  {
    "id": "27",
    "name": "10.38.158.42",
    "itemStyle": null,
    "symbolSize": 0,
    "x": 493,
    "y": 448,
    "attributes": {
      "modularity_class": 0
    },
    "value": "1",
    "label": {
      "show": true
    },
    "category": "0"
  },
  {
    "id": "28",
    "name": "10.38.125.111",
    "itemStyle": null,
    "symbolSize": 1,
    "x": 395,
    "y": 540,
    "attributes": {
      "modularity_class": 0
    },
    "value": "2",
    "label": {
      "show": true
    },
    "category": "0"
  },
  {
    "id": "29",
    "name": "10.37.85.76",
    "itemStyle": null,
    "symbolSize": 12.79543091954113,
    "x": 424,
    "y": 581,
    "attributes": {
      "modularity_class": 0
    },
    "value": "7109",
    "label": {
      "show": true
    },
    "category": "0"
  },
  {
    "id": "30",
    "name": "10.35.39.240",
    "itemStyle": null,
    "symbolSize": 4.523561956057013,
    "x": 505,
    "y": 561,
    "attributes": {
      "modularity_class": 0
    },
    "value": "23",
    "label": {
      "show": true
    },
    "category": "0"
  },
  {
    "id": "31",
    "name": "10.32.172.14",
    "itemStyle": null,
    "symbolSize": 11.417852514885897,
    "x": 421,
    "y": 368,
    "attributes": {
      "modularity_class": 0
    },
    "value": "2736",
    "label": {
      "show": true
    },
    "category": "0"
  },
  {
    "id": "32",
    "name": "10.32.49.219",
    "itemStyle": null,
    "symbolSize": 0,
    "x": 463,
    "y": 442,
    "attributes": {
      "modularity_class": 0
    },
    "value": "1",
    "label": {
      "show": true
    },
    "category": "0"
  },
  {
    "id": "33",
    "name": "10.32.6.94",
    "itemStyle": null,
    "symbolSize": 2,
    "x": 563,
    "y": 447,
    "attributes": {
      "modularity_class": 0
    },
    "value": "4",
    "label": {
      "show": true
    },
    "category": "0"
  },
  {
    "id": "34",
    "name": "10.24.249.140",
    "itemStyle": null,
    "symbolSize": 4.392317422778761,
    "x": 560,
    "y": 454,
    "attributes": {
      "modularity_class": 0
    },
    "value": "21",
    "label": {
      "show": true
    },
    "category": "0"
  },
  {
    "id": "35",
    "name": "10.24.249.65",
    "itemStyle": null,
    "symbolSize": 1,
    "x": 488,
    "y": 586,
    "attributes": {
      "modularity_class": 0
    },
    "value": "2",
    "label": {
      "show": true
    },
    "category": "0"
  },
  {
    "id": "36",
    "name": "10.24.172.210",
    "itemStyle": null,
    "symbolSize": 6.087462841250339,
    "x": 479,
    "y": 354,
    "attributes": {
      "modularity_class": 0
    },
    "value": "68",
    "label": {
      "show": true
    },
    "category": "0"
  },
  {
    "id": "37",
    "name": "10.24.64.176",
    "itemStyle": null,
    "symbolSize": 4.700439718141092,
    "x": 346,
    "y": 505,
    "attributes": {
      "modularity_class": 0
    },
    "value": "26",
    "label": {
      "show": true
    },
    "category": "0"
  },
  {
    "id": "38",
    "name": "10.23.167.74",
    "itemStyle": null,
    "symbolSize": 2,
    "x": 446,
    "y": 311,
    "attributes": {
      "modularity_class": 0
    },
    "value": "4",
    "label": {
      "show": true
    },
    "category": "0"
  },
  {
    "id": "39",
    "name": "10.21.252.230",
    "itemStyle": null,
    "symbolSize": 0,
    "x": 389,
    "y": 485,
    "attributes": {
      "modularity_class": 0
    },
    "value": "1",
    "label": {
      "show": true
    },
    "category": "0"
  },
  {
    "id": "40",
    "name": "220.181.158.208",
    "itemStyle": null,
    "symbolSize": 1.584962500721156,
    "x": 326,
    "y": 538,
    "attributes": {
      "modularity_class": 1
    },
    "value": "3",
    "label": {
      "show": true
    },
    "category": "1"
  },
  {
    "id": "41",
    "name": "91.199.212.137",
    "itemStyle": null,
    "symbolSize": 7.066089190457772,
    "x": 512,
    "y": 537,
    "attributes": {
      "modularity_class": 1
    },
    "value": "134",
    "label": {
      "show": true
    },
    "category": "1"
  },
  {
    "id": "42",
    "name": "23.7.139.32",
    "itemStyle": null,
    "symbolSize": 0,
    "x": 388,
    "y": 589,
    "attributes": {
      "modularity_class": 1
    },
    "value": "1",
    "label": {
      "show": true
    },
    "category": "1"
  },
  {
    "id": "43",
    "name": "10.77.217.3",
    "itemStyle": null,
    "symbolSize": 6.3750394313469245,
    "x": 563,
    "y": 516,
    "attributes": {
      "modularity_class": 1
    },
    "value": "83",
    "label": {
      "show": true
    },
    "category": "1"
  },
  {
    "id": "44",
    "name": "10.77.216.137",
    "itemStyle": null,
    "symbolSize": 7.20945336562895,
    "x": 587,
    "y": 478,
    "attributes": {
      "modularity_class": 1
    },
    "value": "148",
    "label": {
      "show": true
    },
    "category": "1"
  },
  {
    "id": "45",
    "name": "10.49.217.3",
    "itemStyle": null,
    "symbolSize": 7.491853096329675,
    "x": 334,
    "y": 436,
    "attributes": {
      "modularity_class": 1
    },
    "value": "180",
    "label": {
      "show": true
    },
    "category": "1"
  },
  {
    "id": "46",
    "name": "10.49.148.131",
    "itemStyle": null,
    "symbolSize": 16.383738037753066,
    "x": 538,
    "y": 475,
    "attributes": {
      "modularity_class": 1
    },
    "value": "85506",
    "label": {
      "show": true
    },
    "category": "1"
  },
  {
    "id": "47",
    "name": "10.49.174.157",
    "itemStyle": null,
    "symbolSize": 9.139551352398794,
    "x": 542,
    "y": 463,
    "attributes": {
      "modularity_class": 2
    },
    "value": "564",
    "label": {
      "show": true
    },
    "category": "2"
  },
  {
    "id": "48",
    "name": "220.181.159.2",
    "itemStyle": null,
    "symbolSize": 5.129283016944966,
    "x": 499,
    "y": 433,
    "attributes": {
      "modularity_class": 3
    },
    "value": "35",
    "label": {
      "show": true
    },
    "category": "3"
  },
  {
    "id": "49",
    "name": "220.181.14.147",
    "itemStyle": null,
    "symbolSize": 0,
    "x": 584,
    "y": 399,
    "attributes": {
      "modularity_class": 3
    },
    "value": "1",
    "label": {
      "show": true
    },
    "category": "3"
  },
  {
    "id": "50",
    "name": "10.49.253.127",
    "itemStyle": null,
    "symbolSize": 6.569855608330948,
    "x": 448,
    "y": 308,
    "attributes": {
      "modularity_class": 3
    },
    "value": "95",
    "label": {
      "show": true
    },
    "category": "3"
  },
  {
    "id": "51",
    "name": "10.49.253.15",
    "itemStyle": null,
    "symbolSize": 2.807354922057604,
    "x": 556,
    "y": 329,
    "attributes": {
      "modularity_class": 3
    },
    "value": "7",
    "label": {
      "show": true
    },
    "category": "3"
  },
  {
    "id": "52",
    "name": "10.49.217.3",
    "itemStyle": null,
    "symbolSize": 6.754887502163468,
    "x": 535,
    "y": 474,
    "attributes": {
      "modularity_class": 3
    },
    "value": "108",
    "label": {
      "show": true
    },
    "category": "3"
  },
  {
    "id": "53",
    "name": "10.49.137.141",
    "itemStyle": null,
    "symbolSize": 9.353146825498083,
    "x": 551,
    "y": 600,
    "attributes": {
      "modularity_class": 3
    },
    "value": "654",
    "label": {
      "show": true
    },
    "category": "3"
  },
  {
    "id": "54",
    "name": "10.24.249.104",
    "itemStyle": null,
    "symbolSize": 17.31570681448391,
    "x": 402,
    "y": 339,
    "attributes": {
      "modularity_class": 4
    },
    "value": "163135",
    "label": {
      "show": true
    },
    "category": "4"
  }
],
	"links":[
  {
    "id": 0,
    "name": null,
    "source": "0",
    "target": "5",
    "lineStyle": {
      "normal": {}
    }
  },
  {
    "id": 1,
    "name": null,
    "source": "0",
    "target": "6",
    "lineStyle": {
      "normal": {}
    }
  },
  {
    "id": 2,
    "name": null,
    "source": "0",
    "target": "7",
    "lineStyle": {
      "normal": {}
    }
  },
  {
    "id": 3,
    "name": null,
    "source": "0",
    "target": "8",
    "lineStyle": {
      "normal": {}
    }
  },
  {
    "id": 4,
    "name": null,
    "source": "0",
    "target": "9",
    "lineStyle": {
      "normal": {}
    }
  },
  {
    "id": 5,
    "name": null,
    "source": "0",
    "target": "10",
    "lineStyle": {
      "normal": {}
    }
  },
  {
    "id": 6,
    "name": null,
    "source": "0",
    "target": "11",
    "lineStyle": {
      "normal": {}
    }
  },
  {
    "id": 7,
    "name": null,
    "source": "0",
    "target": "12",
    "lineStyle": {
      "normal": {}
    }
  },
  {
    "id": 8,
    "name": null,
    "source": "0",
    "target": "13",
    "lineStyle": {
      "normal": {}
    }
  },
  {
    "id": 9,
    "name": null,
    "source": "0",
    "target": "14",
    "lineStyle": {
      "normal": {}
    }
  },
  {
    "id": 10,
    "name": null,
    "source": "0",
    "target": "15",
    "lineStyle": {
      "normal": {}
    }
  },
  {
    "id": 11,
    "name": null,
    "source": "0",
    "target": "16",
    "lineStyle": {
      "normal": {}
    }
  },
  {
    "id": 12,
    "name": null,
    "source": "0",
    "target": "17",
    "lineStyle": {
      "normal": {}
    }
  },
  {
    "id": 13,
    "name": null,
    "source": "0",
    "target": "18",
    "lineStyle": {
      "normal": {}
    }
  },
  {
    "id": 14,
    "name": null,
    "source": "0",
    "target": "19",
    "lineStyle": {
      "normal": {}
    }
  },
  {
    "id": 15,
    "name": null,
    "source": "0",
    "target": "20",
    "lineStyle": {
      "normal": {}
    }
  },
  {
    "id": 16,
    "name": null,
    "source": "0",
    "target": "21",
    "lineStyle": {
      "normal": {}
    }
  },
  {
    "id": 17,
    "name": null,
    "source": "0",
    "target": "22",
    "lineStyle": {
      "normal": {}
    }
  },
  {
    "id": 18,
    "name": null,
    "source": "0",
    "target": "23",
    "lineStyle": {
      "normal": {}
    }
  },
  {
    "id": 19,
    "name": null,
    "source": "0",
    "target": "24",
    "lineStyle": {
      "normal": {}
    }
  },
  {
    "id": 20,
    "name": null,
    "source": "0",
    "target": "25",
    "lineStyle": {
      "normal": {}
    }
  },
  {
    "id": 21,
    "name": null,
    "source": "0",
    "target": "26",
    "lineStyle": {
      "normal": {}
    }
  },
  {
    "id": 22,
    "name": null,
    "source": "0",
    "target": "27",
    "lineStyle": {
      "normal": {}
    }
  },
  {
    "id": 23,
    "name": null,
    "source": "0",
    "target": "28",
    "lineStyle": {
      "normal": {}
    }
  },
  {
    "id": 24,
    "name": null,
    "source": "0",
    "target": "29",
    "lineStyle": {
      "normal": {}
    }
  },
  {
    "id": 25,
    "name": null,
    "source": "0",
    "target": "30",
    "lineStyle": {
      "normal": {}
    }
  },
  {
    "id": 26,
    "name": null,
    "source": "0",
    "target": "31",
    "lineStyle": {
      "normal": {}
    }
  },
  {
    "id": 27,
    "name": null,
    "source": "0",
    "target": "32",
    "lineStyle": {
      "normal": {}
    }
  },
  {
    "id": 28,
    "name": null,
    "source": "0",
    "target": "33",
    "lineStyle": {
      "normal": {}
    }
  },
  {
    "id": 29,
    "name": null,
    "source": "0",
    "target": "34",
    "lineStyle": {
      "normal": {}
    }
  },
  {
    "id": 30,
    "name": null,
    "source": "0",
    "target": "35",
    "lineStyle": {
      "normal": {}
    }
  },
  {
    "id": 31,
    "name": null,
    "source": "0",
    "target": "36",
    "lineStyle": {
      "normal": {}
    }
  },
  {
    "id": 32,
    "name": null,
    "source": "0",
    "target": "37",
    "lineStyle": {
      "normal": {}
    }
  },
  {
    "id": 33,
    "name": null,
    "source": "0",
    "target": "38",
    "lineStyle": {
      "normal": {}
    }
  },
  {
    "id": 34,
    "name": null,
    "source": "0",
    "target": "39",
    "lineStyle": {
      "normal": {}
    }
  },
  {
    "id": 35,
    "name": null,
    "source": "1",
    "target": "40",
    "lineStyle": {
      "normal": {}
    }
  },
  {
    "id": 36,
    "name": null,
    "source": "1",
    "target": "41",
    "lineStyle": {
      "normal": {}
    }
  },
  {
    "id": 37,
    "name": null,
    "source": "1",
    "target": "42",
    "lineStyle": {
      "normal": {}
    }
  },
  {
    "id": 38,
    "name": null,
    "source": "1",
    "target": "43",
    "lineStyle": {
      "normal": {}
    }
  },
  {
    "id": 39,
    "name": null,
    "source": "1",
    "target": "44",
    "lineStyle": {
      "normal": {}
    }
  },
  {
    "id": 40,
    "name": null,
    "source": "1",
    "target": "45",
    "lineStyle": {
      "normal": {}
    }
  },
  {
    "id": 41,
    "name": null,
    "source": "1",
    "target": "46",
    "lineStyle": {
      "normal": {}
    }
  },
  {
    "id": 42,
    "name": null,
    "source": "2",
    "target": "47",
    "lineStyle": {
      "normal": {}
    }
  },
  {
    "id": 43,
    "name": null,
    "source": "3",
    "target": "48",
    "lineStyle": {
      "normal": {}
    }
  },
  {
    "id": 44,
    "name": null,
    "source": "3",
    "target": "49",
    "lineStyle": {
      "normal": {}
    }
  },
  {
    "id": 45,
    "name": null,
    "source": "3",
    "target": "50",
    "lineStyle": {
      "normal": {}
    }
  },
  {
    "id": 46,
    "name": null,
    "source": "3",
    "target": "51",
    "lineStyle": {
      "normal": {}
    }
  },
  {
    "id": 47,
    "name": null,
    "source": "3",
    "target": "52",
    "lineStyle": {
      "normal": {}
    }
  },
  {
    "id": 48,
    "name": null,
    "source": "3",
    "target": "53",
    "lineStyle": {
      "normal": {}
    }
  },
  {
    "id": 49,
    "name": null,
    "source": "4",
    "target": "54",
    "lineStyle": {
      "normal": {}
    }
  }
]
}