{
	"nodes":[
  {
    "id": "0",
    "name": "10.49.137.87",
    "itemStyle": null,
    "symbolSize": 12.563672959827514,
    "x": 592,
    "y": 478,
    "attributes": {
      "modularity_class": 0
    },
    "value": "6054",
    "label": {
      "show": true
    },
    "category": "0"
  },
  {
    "id": "1",
    "name": "10.49.148.130",
    "itemStyle": null,
    "symbolSize": 16.45787781013004,
    "x": 341,
    "y": 323,
    "attributes": {
      "modularity_class": 1
    },
    "value": "90015",
    "label": {
      "show": true
    },
    "category": "1"
  },
  {
    "id": "2",
    "name": "10.49.178.162",
    "itemStyle": null,
    "symbolSize": 9.13699111208023,
    "x": 592,
    "y": 303,
    "attributes": {
      "modularity_class": 2
    },
    "value": "563",
    "label": {
      "show": true
    },
    "category": "2"
  },
  {
    "id": "3",
    "name": "10.49.253.219",
    "itemStyle": null,
    "symbolSize": 3.321928094887362,
    "x": 535,
    "y": 314,
    "attributes": {
      "modularity_class": 3
    },
    "value": "10",
    "label": {
      "show": true
    },
    "category": "3"
  },
  {
    "id": "4",
    "name": "10.56.92.187",
    "itemStyle": null,
    "symbolSize": 17.45565632325997,
    "x": 474,
    "y": 426,
    "attributes": {
      "modularity_class": 4
    },
    "value": "179753",
    "label": {
      "show": true
    },
    "category": "4"
  },
  {
    "id": "5",
    "name": "106.38.184.34",
    "itemStyle": null,
    "symbolSize": 2.321928094887362,
    "x": 498,
    "y": 591,
    "attributes": {
      "modularity_class": 0
    },
    "value": "5",
    "label": {
      "show": true
    },
    "category": "0"
  },
  {
    "id": "6",
    "name": "10.49.223.152",
    "itemStyle": null,
    "symbolSize": 11.571278618514595,
    "x": 494,
    "y": 394,
    "attributes": {
      "modularity_class": 0
    },
    "value": "3043",
    "label": {
      "show": true
    },
    "category": "0"
  },
  {
    "id": "7",
    "name": "10.40.53.99",
    "itemStyle": null,
    "symbolSize": 1,
    "x": 349,
    "y": 333,
    "attributes": {
      "modularity_class": 0
    },
    "value": "2",
    "label": {
      "show": true
    },
    "category": "0"
  },
  {
    "id": "8",
    "name": "10.32.172.14",
    "itemStyle": null,
    "symbolSize": 11.552669097514272,
    "x": 401,
    "y": 471,
    "attributes": {
      "modularity_class": 0
    },
    "value": "3004",
    "label": {
      "show": true
    },
    "category": "0"
  },
  {
    "id": "9",
    "name": "91.199.212.137",
    "itemStyle": null,
    "symbolSize": 3.169925001442312,
    "x": 396,
    "y": 372,
    "attributes": {
      "modularity_class": 1
    },
    "value": "9",
    "label": {
      "show": true
    },
    "category": "1"
  },
  {
    "id": "10",
    "name": "23.44.155.32",
    "itemStyle": null,
    "symbolSize": 0,
    "x": 527,
    "y": 442,
    "attributes": {
      "modularity_class": 1
    },
    "value": "1",
    "label": {
      "show": true
    },
    "category": "1"
  },
  {
    "id": "11",
    "name": "10.77.217.3",
    "itemStyle": null,
    "symbolSize": 8.467605550082997,
    "x": 460,
    "y": 506,
    "attributes": {
      "modularity_class": 1
    },
    "value": "354",
    "label": {
      "show": true
    },
    "category": "1"
  },
  {
    "id": "12",
    "name": "10.77.216.137",
    "itemStyle": null,
    "symbolSize": 5.832890014164741,
    "x": 571,
    "y": 428,
    "attributes": {
      "modularity_class": 1
    },
    "value": "57",
    "label": {
      "show": true
    },
    "category": "1"
  },
  {
    "id": "13",
    "name": "10.49.217.3",
    "itemStyle": null,
    "symbolSize": 4.700439718141092,
    "x": 340,
    "y": 388,
    "attributes": {
      "modularity_class": 1
    },
    "value": "26",
    "label": {
      "show": true
    },
    "category": "1"
  },
  {
    "id": "14",
    "name": "10.49.148.131",
    "itemStyle": null,
    "symbolSize": 16.450695771572914,
    "x": 396,
    "y": 578,
    "attributes": {
      "modularity_class": 1
    },
    "value": "89568",
    "label": {
      "show": true
    },
    "category": "1"
  },
  {
    "id": "15",
    "name": "10.49.174.157",
    "itemStyle": null,
    "symbolSize": 9.13699111208023,
    "x": 401,
    "y": 600,
    "attributes": {
      "modularity_class": 2
    },
    "value": "563",
    "label": {
      "show": true
    },
    "category": "2"
  },
  {
    "id": "16",
    "name": "220.181.159.2",
    "itemStyle": null,
    "symbolSize": 3.169925001442312,
    "x": 467,
    "y": 586,
    "attributes": {
      "modularity_class": 3
    },
    "value": "9",
    "label": {
      "show": true
    },
    "category": "3"
  },
  {
    "id": "17",
    "name": "220.181.14.155",
    "itemStyle": null,
    "symbolSize": 0,
    "x": 417,
    "y": 409,
    "attributes": {
      "modularity_class": 3
    },
    "value": "1",
    "label": {
      "show": true
    },
    "category": "3"
  },
  {
    "id": "18",
    "name": "10.24.249.104",
    "itemStyle": null,
    "symbolSize": 17.45551184828023,
    "x": 406,
    "y": 474,
    "attributes": {
      "modularity_class": 4
    },
    "value": "179735",
    "label": {
      "show": true
    },
    "category": "4"
  }
],
	"links":[
  {
    "id": 0,
    "name": null,
    "source": "0",
    "target": "5",
    "lineStyle": {
      "normal": {}
    }
  },
  {
    "id": 1,
    "name": null,
    "source": "0",
    "target": "6",
    "lineStyle": {
      "normal": {}
    }
  },
  {
    "id": 2,
    "name": null,
    "source": "0",
    "target": "7",
    "lineStyle": {
      "normal": {}
    }
  },
  {
    "id": 3,
    "name": null,
    "source": "0",
    "target": "8",
    "lineStyle": {
      "normal": {}
    }
  },
  {
    "id": 4,
    "name": null,
    "source": "1",
    "target": "9",
    "lineStyle": {
      "normal": {}
    }
  },
  {
    "id": 5,
    "name": null,
    "source": "1",
    "target": "10",
    "lineStyle": {
      "normal": {}
    }
  },
  {
    "id": 6,
    "name": null,
    "source": "1",
    "target": "11",
    "lineStyle": {
      "normal": {}
    }
  },
  {
    "id": 7,
    "name": null,
    "source": "1",
    "target": "12",
    "lineStyle": {
      "normal": {}
    }
  },
  {
    "id": 8,
    "name": null,
    "source": "1",
    "target": "13",
    "lineStyle": {
      "normal": {}
    }
  },
  {
    "id": 9,
    "name": null,
    "source": "1",
    "target": "14",
    "lineStyle": {
      "normal": {}
    }
  },
  {
    "id": 10,
    "name": null,
    "source": "2",
    "target": "15",
    "lineStyle": {
      "normal": {}
    }
  },
  {
    "id": 11,
    "name": null,
    "source": "3",
    "target": "16",
    "lineStyle": {
      "normal": {}
    }
  },
  {
    "id": 12,
    "name": null,
    "source": "3",
    "target": "17",
    "lineStyle": {
      "normal": {}
    }
  },
  {
    "id": 13,
    "name": null,
    "source": "4",
    "target": "18",
    "lineStyle": {
      "normal": {}
    }
  }
]
}