{
	"nodes":[
  {
    "id": "0",
    "name": "10.49.137.87",
    "itemStyle": null,
    "symbolSize": 15.290738862439348,
    "x": 595,
    "y": 461,
    "attributes": {
      "modularity_class": 0
    },
    "value": "40084",
    "label": {
      "show": true
    },
    "category": "0"
  },
  {
    "id": "1",
    "name": "10.49.148.130",
    "itemStyle": null,
    "symbolSize": 16.36533138742718,
    "x": 372,
    "y": 303,
    "attributes": {
      "modularity_class": 1
    },
    "value": "84422",
    "label": {
      "show": true
    },
    "category": "1"
  },
  {
    "id": "2",
    "name": "10.49.178.162",
    "itemStyle": null,
    "symbolSize": 8.820178962415188,
    "x": 349,
    "y": 340,
    "attributes": {
      "modularity_class": 2
    },
    "value": "452",
    "label": {
      "show": true
    },
    "category": "2"
  },
  {
    "id": "3",
    "name": "10.49.253.219",
    "itemStyle": null,
    "symbolSize": 9.719388820942083,
    "x": 343,
    "y": 556,
    "attributes": {
      "modularity_class": 3
    },
    "value": "843",
    "label": {
      "show": true
    },
    "category": "3"
  },
  {
    "id": "4",
    "name": "10.56.92.187",
    "itemStyle": null,
    "symbolSize": 17.359535102697656,
    "x": 539,
    "y": 464,
    "attributes": {
      "modularity_class": 4
    },
    "value": "168167",
    "label": {
      "show": true
    },
    "category": "4"
  },
  {
    "id": "5",
    "name": "220.181.150.228",
    "itemStyle": null,
    "symbolSize": 6.554588851677638,
    "x": 425,
    "y": 360,
    "attributes": {
      "modularity_class": 0
    },
    "value": "94",
    "label": {
      "show": true
    },
    "category": "0"
  },
  {
    "id": "6",
    "name": "218.30.118.255",
    "itemStyle": null,
    "symbolSize": 7.159871336778389,
    "x": 459,
    "y": 427,
    "attributes": {
      "modularity_class": 0
    },
    "value": "143",
    "label": {
      "show": true
    },
    "category": "0"
  },
  {
    "id": "7",
    "name": "218.30.118.211",
    "itemStyle": null,
    "symbolSize": 4,
    "x": 313,
    "y": 506,
    "attributes": {
      "modularity_class": 0
    },
    "value": "16",
    "label": {
      "show": true
    },
    "category": "0"
  },
  {
    "id": "8",
    "name": "180.149.135.235",
    "itemStyle": null,
    "symbolSize": 1.584962500721156,
    "x": 590,
    "y": 448,
    "attributes": {
      "modularity_class": 0
    },
    "value": "3",
    "label": {
      "show": true
    },
    "category": "0"
  },
  {
    "id": "9",
    "name": "180.149.135.181",
    "itemStyle": null,
    "symbolSize": 1.584962500721156,
    "x": 343,
    "y": 378,
    "attributes": {
      "modularity_class": 0
    },
    "value": "3",
    "label": {
      "show": true
    },
    "category": "0"
  },
  {
    "id": "10",
    "name": "123.125.161.220",
    "itemStyle": null,
    "symbolSize": 11.348174867535556,
    "x": 487,
    "y": 443,
    "attributes": {
      "modularity_class": 0
    },
    "value": "2607",
    "label": {
      "show": true
    },
    "category": "0"
  },
  {
    "id": "11",
    "name": "106.38.184.241",
    "itemStyle": null,
    "symbolSize": 1.584962500721156,
    "x": 424,
    "y": 595,
    "attributes": {
      "modularity_class": 0
    },
    "value": "3",
    "label": {
      "show": true
    },
    "category": "0"
  },
  {
    "id": "12",
    "name": "106.38.184.34",
    "itemStyle": null,
    "symbolSize": 2.807354922057604,
    "x": 554,
    "y": 456,
    "attributes": {
      "modularity_class": 0
    },
    "value": "7",
    "label": {
      "show": true
    },
    "category": "0"
  },
  {
    "id": "13",
    "name": "101.226.161.183",
    "itemStyle": null,
    "symbolSize": 5.727920454563199,
    "x": 583,
    "y": 433,
    "attributes": {
      "modularity_class": 0
    },
    "value": "53",
    "label": {
      "show": true
    },
    "category": "0"
  },
  {
    "id": "14",
    "name": "101.226.90.63",
    "itemStyle": null,
    "symbolSize": 1,
    "x": 478,
    "y": 571,
    "attributes": {
      "modularity_class": 0
    },
    "value": "2",
    "label": {
      "show": true
    },
    "category": "0"
  },
  {
    "id": "15",
    "name": "14.17.41.169",
    "itemStyle": null,
    "symbolSize": 4.584962500721156,
    "x": 393,
    "y": 456,
    "attributes": {
      "modularity_class": 0
    },
    "value": "24",
    "label": {
      "show": true
    },
    "category": "0"
  },
  {
    "id": "16",
    "name": "10.49.223.152",
    "itemStyle": null,
    "symbolSize": 11.460455896309636,
    "x": 461,
    "y": 490,
    "attributes": {
      "modularity_class": 0
    },
    "value": "2818",
    "label": {
      "show": true
    },
    "category": "0"
  },
  {
    "id": "17",
    "name": "10.49.223.117",
    "itemStyle": null,
    "symbolSize": 9.228818690495881,
    "x": 380,
    "y": 356,
    "attributes": {
      "modularity_class": 0
    },
    "value": "600",
    "label": {
      "show": true
    },
    "category": "0"
  },
  {
    "id": "18",
    "name": "10.49.137.242",
    "itemStyle": null,
    "symbolSize": 5.727920454563199,
    "x": 350,
    "y": 475,
    "attributes": {
      "modularity_class": 0
    },
    "value": "53",
    "label": {
      "show": true
    },
    "category": "0"
  },
  {
    "id": "19",
    "name": "10.49.137.188",
    "itemStyle": null,
    "symbolSize": 14.581200581924957,
    "x": 303,
    "y": 368,
    "attributes": {
      "modularity_class": 0
    },
    "value": "24512",
    "label": {
      "show": true
    },
    "category": "0"
  },
  {
    "id": "20",
    "name": "10.49.137.165",
    "itemStyle": null,
    "symbolSize": 11.183015000882756,
    "x": 426,
    "y": 520,
    "attributes": {
      "modularity_class": 0
    },
    "value": "2325",
    "label": {
      "show": true
    },
    "category": "0"
  },
  {
    "id": "21",
    "name": "10.49.137.114",
    "itemStyle": null,
    "symbolSize": 7.6865005271832185,
    "x": 300,
    "y": 475,
    "attributes": {
      "modularity_class": 0
    },
    "value": "206",
    "label": {
      "show": true
    },
    "category": "0"
  },
  {
    "id": "22",
    "name": "10.49.137.79",
    "itemStyle": null,
    "symbolSize": 4.584962500721156,
    "x": 408,
    "y": 576,
    "attributes": {
      "modularity_class": 0
    },
    "value": "24",
    "label": {
      "show": true
    },
    "category": "0"
  },
  {
    "id": "23",
    "name": "10.49.137.45",
    "itemStyle": null,
    "symbolSize": 9.432541900388259,
    "x": 402,
    "y": 366,
    "attributes": {
      "modularity_class": 0
    },
    "value": "691",
    "label": {
      "show": true
    },
    "category": "0"
  },
  {
    "id": "24",
    "name": "10.49.88.162",
    "itemStyle": null,
    "symbolSize": 10.040289721025717,
    "x": 345,
    "y": 541,
    "attributes": {
      "modularity_class": 0
    },
    "value": "1053",
    "label": {
      "show": true
    },
    "category": "0"
  },
  {
    "id": "25",
    "name": "10.40.53.99",
    "itemStyle": null,
    "symbolSize": 3.169925001442312,
    "x": 459,
    "y": 320,
    "attributes": {
      "modularity_class": 0
    },
    "value": "9",
    "label": {
      "show": true
    },
    "category": "0"
  },
  {
    "id": "26",
    "name": "10.38.158.89",
    "itemStyle": null,
    "symbolSize": 7.562242424221073,
    "x": 530,
    "y": 356,
    "attributes": {
      "modularity_class": 0
    },
    "value": "189",
    "label": {
      "show": true
    },
    "category": "0"
  },
  {
    "id": "27",
    "name": "10.38.158.42",
    "itemStyle": null,
    "symbolSize": 2.321928094887362,
    "x": 587,
    "y": 540,
    "attributes": {
      "modularity_class": 0
    },
    "value": "5",
    "label": {
      "show": true
    },
    "category": "0"
  },
  {
    "id": "28",
    "name": "10.38.125.250",
    "itemStyle": null,
    "symbolSize": 3.169925001442312,
    "x": 484,
    "y": 461,
    "attributes": {
      "modularity_class": 0
    },
    "value": "9",
    "label": {
      "show": true
    },
    "category": "0"
  },
  {
    "id": "29",
    "name": "10.38.125.219",
    "itemStyle": null,
    "symbolSize": 3,
    "x": 355,
    "y": 556,
    "attributes": {
      "modularity_class": 0
    },
    "value": "8",
    "label": {
      "show": true
    },
    "category": "0"
  },
  {
    "id": "30",
    "name": "10.38.125.191",
    "itemStyle": null,
    "symbolSize": 3,
    "x": 445,
    "y": 515,
    "attributes": {
      "modularity_class": 0
    },
    "value": "8",
    "label": {
      "show": true
    },
    "category": "0"
  },
  {
    "id": "31",
    "name": "10.38.125.180",
    "itemStyle": null,
    "symbolSize": 3.169925001442312,
    "x": 510,
    "y": 396,
    "attributes": {
      "modularity_class": 0
    },
    "value": "9",
    "label": {
      "show": true
    },
    "category": "0"
  },
  {
    "id": "32",
    "name": "10.38.125.169",
    "itemStyle": null,
    "symbolSize": 3.321928094887362,
    "x": 304,
    "y": 358,
    "attributes": {
      "modularity_class": 0
    },
    "value": "10",
    "label": {
      "show": true
    },
    "category": "0"
  },
  {
    "id": "33",
    "name": "10.38.125.152",
    "itemStyle": null,
    "symbolSize": 3.169925001442312,
    "x": 391,
    "y": 322,
    "attributes": {
      "modularity_class": 0
    },
    "value": "9",
    "label": {
      "show": true
    },
    "category": "0"
  },
  {
    "id": "34",
    "name": "10.38.125.111",
    "itemStyle": null,
    "symbolSize": 0,
    "x": 494,
    "y": 364,
    "attributes": {
      "modularity_class": 0
    },
    "value": "1",
    "label": {
      "show": true
    },
    "category": "0"
  },
  {
    "id": "35",
    "name": "10.38.125.34",
    "itemStyle": null,
    "symbolSize": 3.169925001442312,
    "x": 431,
    "y": 502,
    "attributes": {
      "modularity_class": 0
    },
    "value": "9",
    "label": {
      "show": true
    },
    "category": "0"
  },
  {
    "id": "36",
    "name": "10.38.125.19",
    "itemStyle": null,
    "symbolSize": 3.321928094887362,
    "x": 304,
    "y": 309,
    "attributes": {
      "modularity_class": 0
    },
    "value": "10",
    "label": {
      "show": true
    },
    "category": "0"
  },
  {
    "id": "37",
    "name": "10.38.125.10",
    "itemStyle": null,
    "symbolSize": 3.169925001442312,
    "x": 342,
    "y": 532,
    "attributes": {
      "modularity_class": 0
    },
    "value": "9",
    "label": {
      "show": true
    },
    "category": "0"
  },
  {
    "id": "38",
    "name": "10.37.85.76",
    "itemStyle": null,
    "symbolSize": 9.909893083770042,
    "x": 524,
    "y": 584,
    "attributes": {
      "modularity_class": 0
    },
    "value": "962",
    "label": {
      "show": true
    },
    "category": "0"
  },
  {
    "id": "39",
    "name": "10.36.44.95",
    "itemStyle": null,
    "symbolSize": 3.169925001442312,
    "x": 329,
    "y": 418,
    "attributes": {
      "modularity_class": 0
    },
    "value": "9",
    "label": {
      "show": true
    },
    "category": "0"
  },
  {
    "id": "40",
    "name": "10.35.39.240",
    "itemStyle": null,
    "symbolSize": 2.321928094887362,
    "x": 508,
    "y": 553,
    "attributes": {
      "modularity_class": 0
    },
    "value": "5",
    "label": {
      "show": true
    },
    "category": "0"
  },
  {
    "id": "41",
    "name": "10.32.172.196",
    "itemStyle": null,
    "symbolSize": 3.169925001442312,
    "x": 346,
    "y": 460,
    "attributes": {
      "modularity_class": 0
    },
    "value": "9",
    "label": {
      "show": true
    },
    "category": "0"
  },
  {
    "id": "42",
    "name": "10.32.172.14",
    "itemStyle": null,
    "symbolSize": 11.44759985827995,
    "x": 540,
    "y": 477,
    "attributes": {
      "modularity_class": 0
    },
    "value": "2793",
    "label": {
      "show": true
    },
    "category": "0"
  },
  {
    "id": "43",
    "name": "10.32.49.245",
    "itemStyle": null,
    "symbolSize": 3.321928094887362,
    "x": 442,
    "y": 431,
    "attributes": {
      "modularity_class": 0
    },
    "value": "10",
    "label": {
      "show": true
    },
    "category": "0"
  },
  {
    "id": "44",
    "name": "10.32.49.219",
    "itemStyle": null,
    "symbolSize": 3.169925001442312,
    "x": 490,
    "y": 365,
    "attributes": {
      "modularity_class": 0
    },
    "value": "9",
    "label": {
      "show": true
    },
    "category": "0"
  },
  {
    "id": "45",
    "name": "10.32.49.185",
    "itemStyle": null,
    "symbolSize": 3,
    "x": 478,
    "y": 337,
    "attributes": {
      "modularity_class": 0
    },
    "value": "8",
    "label": {
      "show": true
    },
    "category": "0"
  },
  {
    "id": "46",
    "name": "10.32.49.159",
    "itemStyle": null,
    "symbolSize": 3.169925001442312,
    "x": 554,
    "y": 449,
    "attributes": {
      "modularity_class": 0
    },
    "value": "9",
    "label": {
      "show": true
    },
    "category": "0"
  },
  {
    "id": "47",
    "name": "10.32.49.135",
    "itemStyle": null,
    "symbolSize": 3.169925001442312,
    "x": 549,
    "y": 402,
    "attributes": {
      "modularity_class": 0
    },
    "value": "9",
    "label": {
      "show": true
    },
    "category": "0"
  },
  {
    "id": "48",
    "name": "10.32.49.132",
    "itemStyle": null,
    "symbolSize": 3.321928094887362,
    "x": 317,
    "y": 486,
    "attributes": {
      "modularity_class": 0
    },
    "value": "10",
    "label": {
      "show": true
    },
    "category": "0"
  },
  {
    "id": "49",
    "name": "10.32.49.107",
    "itemStyle": null,
    "symbolSize": 3,
    "x": 568,
    "y": 510,
    "attributes": {
      "modularity_class": 0
    },
    "value": "8",
    "label": {
      "show": true
    },
    "category": "0"
  },
  {
    "id": "50",
    "name": "10.32.49.83",
    "itemStyle": null,
    "symbolSize": 3.9068905956085187,
    "x": 566,
    "y": 505,
    "attributes": {
      "modularity_class": 0
    },
    "value": "15",
    "label": {
      "show": true
    },
    "category": "0"
  },
  {
    "id": "51",
    "name": "10.32.49.55",
    "itemStyle": null,
    "symbolSize": 2.807354922057604,
    "x": 437,
    "y": 582,
    "attributes": {
      "modularity_class": 0
    },
    "value": "7",
    "label": {
      "show": true
    },
    "category": "0"
  },
  {
    "id": "52",
    "name": "10.32.49.44",
    "itemStyle": null,
    "symbolSize": 3.584962500721156,
    "x": 544,
    "y": 379,
    "attributes": {
      "modularity_class": 0
    },
    "value": "12",
    "label": {
      "show": true
    },
    "category": "0"
  },
  {
    "id": "53",
    "name": "10.32.49.30",
    "itemStyle": null,
    "symbolSize": 3.321928094887362,
    "x": 358,
    "y": 324,
    "attributes": {
      "modularity_class": 0
    },
    "value": "10",
    "label": {
      "show": true
    },
    "category": "0"
  },
  {
    "id": "54",
    "name": "10.32.49.13",
    "itemStyle": null,
    "symbolSize": 3.169925001442312,
    "x": 469,
    "y": 414,
    "attributes": {
      "modularity_class": 0
    },
    "value": "9",
    "label": {
      "show": true
    },
    "category": "0"
  },
  {
    "id": "55",
    "name": "10.32.6.252",
    "itemStyle": null,
    "symbolSize": 3,
    "x": 598,
    "y": 322,
    "attributes": {
      "modularity_class": 0
    },
    "value": "8",
    "label": {
      "show": true
    },
    "category": "0"
  },
  {
    "id": "56",
    "name": "10.32.6.250",
    "itemStyle": null,
    "symbolSize": 3.169925001442312,
    "x": 389,
    "y": 481,
    "attributes": {
      "modularity_class": 0
    },
    "value": "9",
    "label": {
      "show": true
    },
    "category": "0"
  },
  {
    "id": "57",
    "name": "10.32.6.236",
    "itemStyle": null,
    "symbolSize": 3.321928094887362,
    "x": 425,
    "y": 324,
    "attributes": {
      "modularity_class": 0
    },
    "value": "10",
    "label": {
      "show": true
    },
    "category": "0"
  },
  {
    "id": "58",
    "name": "10.32.6.226",
    "itemStyle": null,
    "symbolSize": 3.169925001442312,
    "x": 461,
    "y": 505,
    "attributes": {
      "modularity_class": 0
    },
    "value": "9",
    "label": {
      "show": true
    },
    "category": "0"
  },
  {
    "id": "59",
    "name": "10.32.6.221",
    "itemStyle": null,
    "symbolSize": 3.169925001442312,
    "x": 372,
    "y": 378,
    "attributes": {
      "modularity_class": 0
    },
    "value": "9",
    "label": {
      "show": true
    },
    "category": "0"
  },
  {
    "id": "60",
    "name": "10.32.6.217",
    "itemStyle": null,
    "symbolSize": 3.169925001442312,
    "x": 422,
    "y": 447,
    "attributes": {
      "modularity_class": 0
    },
    "value": "9",
    "label": {
      "show": true
    },
    "category": "0"
  },
  {
    "id": "61",
    "name": "10.32.6.142",
    "itemStyle": null,
    "symbolSize": 3.321928094887362,
    "x": 312,
    "y": 367,
    "attributes": {
      "modularity_class": 0
    },
    "value": "10",
    "label": {
      "show": true
    },
    "category": "0"
  },
  {
    "id": "62",
    "name": "10.32.6.139",
    "itemStyle": null,
    "symbolSize": 3.321928094887362,
    "x": 547,
    "y": 545,
    "attributes": {
      "modularity_class": 0
    },
    "value": "10",
    "label": {
      "show": true
    },
    "category": "0"
  },
  {
    "id": "63",
    "name": "10.32.6.53",
    "itemStyle": null,
    "symbolSize": 2.807354922057604,
    "x": 492,
    "y": 381,
    "attributes": {
      "modularity_class": 0
    },
    "value": "7",
    "label": {
      "show": true
    },
    "category": "0"
  },
  {
    "id": "64",
    "name": "10.32.6.11",
    "itemStyle": null,
    "symbolSize": 3.169925001442312,
    "x": 434,
    "y": 450,
    "attributes": {
      "modularity_class": 0
    },
    "value": "9",
    "label": {
      "show": true
    },
    "category": "0"
  },
  {
    "id": "65",
    "name": "10.24.249.240",
    "itemStyle": null,
    "symbolSize": 3,
    "x": 477,
    "y": 497,
    "attributes": {
      "modularity_class": 0
    },
    "value": "8",
    "label": {
      "show": true
    },
    "category": "0"
  },
  {
    "id": "66",
    "name": "10.24.249.216",
    "itemStyle": null,
    "symbolSize": 0,
    "x": 373,
    "y": 438,
    "attributes": {
      "modularity_class": 0
    },
    "value": "1",
    "label": {
      "show": true
    },
    "category": "0"
  },
  {
    "id": "67",
    "name": "10.24.249.151",
    "itemStyle": null,
    "symbolSize": 1.584962500721156,
    "x": 347,
    "y": 417,
    "attributes": {
      "modularity_class": 0
    },
    "value": "3",
    "label": {
      "show": true
    },
    "category": "0"
  },
  {
    "id": "68",
    "name": "10.24.249.140",
    "itemStyle": null,
    "symbolSize": 4.954196310386875,
    "x": 389,
    "y": 495,
    "attributes": {
      "modularity_class": 0
    },
    "value": "31",
    "label": {
      "show": true
    },
    "category": "0"
  },
  {
    "id": "69",
    "name": "10.24.249.110",
    "itemStyle": null,
    "symbolSize": 3.169925001442312,
    "x": 335,
    "y": 584,
    "attributes": {
      "modularity_class": 0
    },
    "value": "9",
    "label": {
      "show": true
    },
    "category": "0"
  },
  {
    "id": "70",
    "name": "10.24.249.65",
    "itemStyle": null,
    "symbolSize": 1,
    "x": 444,
    "y": 509,
    "attributes": {
      "modularity_class": 0
    },
    "value": "2",
    "label": {
      "show": true
    },
    "category": "0"
  },
  {
    "id": "71",
    "name": "10.24.249.32",
    "itemStyle": null,
    "symbolSize": 3,
    "x": 596,
    "y": 568,
    "attributes": {
      "modularity_class": 0
    },
    "value": "8",
    "label": {
      "show": true
    },
    "category": "0"
  },
  {
    "id": "72",
    "name": "10.24.249.14",
    "itemStyle": null,
    "symbolSize": 3.169925001442312,
    "x": 468,
    "y": 456,
    "attributes": {
      "modularity_class": 0
    },
    "value": "9",
    "label": {
      "show": true
    },
    "category": "0"
  },
  {
    "id": "73",
    "name": "10.24.249.13",
    "itemStyle": null,
    "symbolSize": 3.169925001442312,
    "x": 564,
    "y": 543,
    "attributes": {
      "modularity_class": 0
    },
    "value": "9",
    "label": {
      "show": true
    },
    "category": "0"
  },
  {
    "id": "74",
    "name": "10.24.172.210",
    "itemStyle": null,
    "symbolSize": 6.807354922057604,
    "x": 591,
    "y": 466,
    "attributes": {
      "modularity_class": 0
    },
    "value": "112",
    "label": {
      "show": true
    },
    "category": "0"
  },
  {
    "id": "75",
    "name": "10.24.146.78",
    "itemStyle": null,
    "symbolSize": 0,
    "x": 336,
    "y": 339,
    "attributes": {
      "modularity_class": 0
    },
    "value": "1",
    "label": {
      "show": true
    },
    "category": "0"
  },
  {
    "id": "76",
    "name": "10.24.146.67",
    "itemStyle": null,
    "symbolSize": 1,
    "x": 526,
    "y": 399,
    "attributes": {
      "modularity_class": 0
    },
    "value": "2",
    "label": {
      "show": true
    },
    "category": "0"
  },
  {
    "id": "77",
    "name": "10.24.104.141",
    "itemStyle": null,
    "symbolSize": 4.392317422778761,
    "x": 513,
    "y": 325,
    "attributes": {
      "modularity_class": 0
    },
    "value": "21",
    "label": {
      "show": true
    },
    "category": "0"
  },
  {
    "id": "78",
    "name": "10.24.66.181",
    "itemStyle": null,
    "symbolSize": 2.584962500721156,
    "x": 396,
    "y": 406,
    "attributes": {
      "modularity_class": 0
    },
    "value": "6",
    "label": {
      "show": true
    },
    "category": "0"
  },
  {
    "id": "79",
    "name": "10.24.65.1",
    "itemStyle": null,
    "symbolSize": 3.169925001442312,
    "x": 397,
    "y": 405,
    "attributes": {
      "modularity_class": 0
    },
    "value": "9",
    "label": {
      "show": true
    },
    "category": "0"
  },
  {
    "id": "80",
    "name": "10.24.64.230",
    "itemStyle": null,
    "symbolSize": 1,
    "x": 437,
    "y": 578,
    "attributes": {
      "modularity_class": 0
    },
    "value": "2",
    "label": {
      "show": true
    },
    "category": "0"
  },
  {
    "id": "81",
    "name": "10.24.64.222",
    "itemStyle": null,
    "symbolSize": 3,
    "x": 489,
    "y": 511,
    "attributes": {
      "modularity_class": 0
    },
    "value": "8",
    "label": {
      "show": true
    },
    "category": "0"
  },
  {
    "id": "82",
    "name": "10.24.64.215",
    "itemStyle": null,
    "symbolSize": 0,
    "x": 508,
    "y": 563,
    "attributes": {
      "modularity_class": 0
    },
    "value": "1",
    "label": {
      "show": true
    },
    "category": "0"
  },
  {
    "id": "83",
    "name": "10.24.64.176",
    "itemStyle": null,
    "symbolSize": 5.285402218862249,
    "x": 377,
    "y": 490,
    "attributes": {
      "modularity_class": 0
    },
    "value": "39",
    "label": {
      "show": true
    },
    "category": "0"
  },
  {
    "id": "84",
    "name": "10.24.64.166",
    "itemStyle": null,
    "symbolSize": 2.584962500721156,
    "x": 354,
    "y": 514,
    "attributes": {
      "modularity_class": 0
    },
    "value": "6",
    "label": {
      "show": true
    },
    "category": "0"
  },
  {
    "id": "85",
    "name": "10.24.64.77",
    "itemStyle": null,
    "symbolSize": 0,
    "x": 595,
    "y": 441,
    "attributes": {
      "modularity_class": 0
    },
    "value": "1",
    "label": {
      "show": true
    },
    "category": "0"
  },
  {
    "id": "86",
    "name": "10.24.64.64",
    "itemStyle": null,
    "symbolSize": 2.584962500721156,
    "x": 564,
    "y": 479,
    "attributes": {
      "modularity_class": 0
    },
    "value": "6",
    "label": {
      "show": true
    },
    "category": "0"
  },
  {
    "id": "87",
    "name": "10.24.64.62",
    "itemStyle": null,
    "symbolSize": 4.169925001442312,
    "x": 417,
    "y": 313,
    "attributes": {
      "modularity_class": 0
    },
    "value": "18",
    "label": {
      "show": true
    },
    "category": "0"
  },
  {
    "id": "88",
    "name": "10.24.64.54",
    "itemStyle": null,
    "symbolSize": 2.321928094887362,
    "x": 412,
    "y": 474,
    "attributes": {
      "modularity_class": 0
    },
    "value": "5",
    "label": {
      "show": true
    },
    "category": "0"
  },
  {
    "id": "89",
    "name": "10.24.64.46",
    "itemStyle": null,
    "symbolSize": 2.584962500721156,
    "x": 571,
    "y": 530,
    "attributes": {
      "modularity_class": 0
    },
    "value": "6",
    "label": {
      "show": true
    },
    "category": "0"
  },
  {
    "id": "90",
    "name": "10.24.64.24",
    "itemStyle": null,
    "symbolSize": 1.584962500721156,
    "x": 433,
    "y": 405,
    "attributes": {
      "modularity_class": 0
    },
    "value": "3",
    "label": {
      "show": true
    },
    "category": "0"
  },
  {
    "id": "91",
    "name": "10.24.49.239",
    "itemStyle": null,
    "symbolSize": 4.392317422778761,
    "x": 577,
    "y": 460,
    "attributes": {
      "modularity_class": 0
    },
    "value": "21",
    "label": {
      "show": true
    },
    "category": "0"
  },
  {
    "id": "92",
    "name": "10.24.49.210",
    "itemStyle": null,
    "symbolSize": 3.169925001442312,
    "x": 450,
    "y": 485,
    "attributes": {
      "modularity_class": 0
    },
    "value": "9",
    "label": {
      "show": true
    },
    "category": "0"
  },
  {
    "id": "93",
    "name": "10.24.49.144",
    "itemStyle": null,
    "symbolSize": 4.247927513443585,
    "x": 304,
    "y": 366,
    "attributes": {
      "modularity_class": 0
    },
    "value": "19",
    "label": {
      "show": true
    },
    "category": "0"
  },
  {
    "id": "94",
    "name": "10.24.49.140",
    "itemStyle": null,
    "symbolSize": 1,
    "x": 554,
    "y": 331,
    "attributes": {
      "modularity_class": 0
    },
    "value": "2",
    "label": {
      "show": true
    },
    "category": "0"
  },
  {
    "id": "95",
    "name": "10.24.49.119",
    "itemStyle": null,
    "symbolSize": 0,
    "x": 408,
    "y": 417,
    "attributes": {
      "modularity_class": 0
    },
    "value": "1",
    "label": {
      "show": true
    },
    "category": "0"
  },
  {
    "id": "96",
    "name": "10.24.49.65",
    "itemStyle": null,
    "symbolSize": 0,
    "x": 540,
    "y": 562,
    "attributes": {
      "modularity_class": 0
    },
    "value": "1",
    "label": {
      "show": true
    },
    "category": "0"
  },
  {
    "id": "97",
    "name": "10.23.167.74",
    "itemStyle": null,
    "symbolSize": 2,
    "x": 305,
    "y": 502,
    "attributes": {
      "modularity_class": 0
    },
    "value": "4",
    "label": {
      "show": true
    },
    "category": "0"
  },
  {
    "id": "98",
    "name": "10.22.249.227",
    "itemStyle": null,
    "symbolSize": 3.321928094887362,
    "x": 381,
    "y": 488,
    "attributes": {
      "modularity_class": 0
    },
    "value": "10",
    "label": {
      "show": true
    },
    "category": "0"
  },
  {
    "id": "99",
    "name": "10.22.249.220",
    "itemStyle": null,
    "symbolSize": 3.321928094887362,
    "x": 570,
    "y": 307,
    "attributes": {
      "modularity_class": 0
    },
    "value": "10",
    "label": {
      "show": true
    },
    "category": "0"
  },
  {
    "id": "100",
    "name": "10.22.249.169",
    "itemStyle": null,
    "symbolSize": 3.321928094887362,
    "x": 371,
    "y": 565,
    "attributes": {
      "modularity_class": 0
    },
    "value": "10",
    "label": {
      "show": true
    },
    "category": "0"
  },
  {
    "id": "101",
    "name": "10.22.249.116",
    "itemStyle": null,
    "symbolSize": 3.169925001442312,
    "x": 389,
    "y": 349,
    "attributes": {
      "modularity_class": 0
    },
    "value": "9",
    "label": {
      "show": true
    },
    "category": "0"
  },
  {
    "id": "102",
    "name": "10.22.249.109",
    "itemStyle": null,
    "symbolSize": 3.321928094887362,
    "x": 575,
    "y": 390,
    "attributes": {
      "modularity_class": 0
    },
    "value": "10",
    "label": {
      "show": true
    },
    "category": "0"
  },
  {
    "id": "103",
    "name": "10.22.249.91",
    "itemStyle": null,
    "symbolSize": 3.169925001442312,
    "x": 363,
    "y": 457,
    "attributes": {
      "modularity_class": 0
    },
    "value": "9",
    "label": {
      "show": true
    },
    "category": "0"
  },
  {
    "id": "104",
    "name": "10.22.249.83",
    "itemStyle": null,
    "symbolSize": 3.169925001442312,
    "x": 559,
    "y": 536,
    "attributes": {
      "modularity_class": 0
    },
    "value": "9",
    "label": {
      "show": true
    },
    "category": "0"
  },
  {
    "id": "105",
    "name": "10.22.249.37",
    "itemStyle": null,
    "symbolSize": 3.169925001442312,
    "x": 349,
    "y": 325,
    "attributes": {
      "modularity_class": 0
    },
    "value": "9",
    "label": {
      "show": true
    },
    "category": "0"
  },
  {
    "id": "106",
    "name": "10.21.253.1",
    "itemStyle": null,
    "symbolSize": 1.584962500721156,
    "x": 324,
    "y": 547,
    "attributes": {
      "modularity_class": 0
    },
    "value": "3",
    "label": {
      "show": true
    },
    "category": "0"
  },
  {
    "id": "107",
    "name": "10.21.252.230",
    "itemStyle": null,
    "symbolSize": 1.584962500721156,
    "x": 355,
    "y": 543,
    "attributes": {
      "modularity_class": 0
    },
    "value": "3",
    "label": {
      "show": true
    },
    "category": "0"
  },
  {
    "id": "108",
    "name": "10.21.252.222",
    "itemStyle": null,
    "symbolSize": 1.584962500721156,
    "x": 410,
    "y": 600,
    "attributes": {
      "modularity_class": 0
    },
    "value": "3",
    "label": {
      "show": true
    },
    "category": "0"
  },
  {
    "id": "109",
    "name": "10.21.252.221",
    "itemStyle": null,
    "symbolSize": 1.584962500721156,
    "x": 392,
    "y": 545,
    "attributes": {
      "modularity_class": 0
    },
    "value": "3",
    "label": {
      "show": true
    },
    "category": "0"
  },
  {
    "id": "110",
    "name": "10.21.252.217",
    "itemStyle": null,
    "symbolSize": 1.584962500721156,
    "x": 306,
    "y": 439,
    "attributes": {
      "modularity_class": 0
    },
    "value": "3",
    "label": {
      "show": true
    },
    "category": "0"
  },
  {
    "id": "111",
    "name": "10.21.252.215",
    "itemStyle": null,
    "symbolSize": 2,
    "x": 331,
    "y": 544,
    "attributes": {
      "modularity_class": 0
    },
    "value": "4",
    "label": {
      "show": true
    },
    "category": "0"
  },
  {
    "id": "112",
    "name": "10.21.252.166",
    "itemStyle": null,
    "symbolSize": 2,
    "x": 332,
    "y": 536,
    "attributes": {
      "modularity_class": 0
    },
    "value": "4",
    "label": {
      "show": true
    },
    "category": "0"
  },
  {
    "id": "113",
    "name": "10.21.252.77",
    "itemStyle": null,
    "symbolSize": 1.584962500721156,
    "x": 378,
    "y": 503,
    "attributes": {
      "modularity_class": 0
    },
    "value": "3",
    "label": {
      "show": true
    },
    "category": "0"
  },
  {
    "id": "114",
    "name": "10.21.252.46",
    "itemStyle": null,
    "symbolSize": 1.584962500721156,
    "x": 371,
    "y": 372,
    "attributes": {
      "modularity_class": 0
    },
    "value": "3",
    "label": {
      "show": true
    },
    "category": "0"
  },
  {
    "id": "115",
    "name": "10.21.252.11",
    "itemStyle": null,
    "symbolSize": 1.584962500721156,
    "x": 519,
    "y": 402,
    "attributes": {
      "modularity_class": 0
    },
    "value": "3",
    "label": {
      "show": true
    },
    "category": "0"
  },
  {
    "id": "116",
    "name": "10.21.250.4",
    "itemStyle": null,
    "symbolSize": 3.169925001442312,
    "x": 406,
    "y": 306,
    "attributes": {
      "modularity_class": 0
    },
    "value": "9",
    "label": {
      "show": true
    },
    "category": "0"
  },
  {
    "id": "117",
    "name": "10.21.249.244",
    "itemStyle": null,
    "symbolSize": 2.807354922057604,
    "x": 597,
    "y": 423,
    "attributes": {
      "modularity_class": 0
    },
    "value": "7",
    "label": {
      "show": true
    },
    "category": "0"
  },
  {
    "id": "118",
    "name": "10.21.249.196",
    "itemStyle": null,
    "symbolSize": 3.321928094887362,
    "x": 583,
    "y": 341,
    "attributes": {
      "modularity_class": 0
    },
    "value": "10",
    "label": {
      "show": true
    },
    "category": "0"
  },
  {
    "id": "119",
    "name": "10.21.249.190",
    "itemStyle": null,
    "symbolSize": 3.321928094887362,
    "x": 504,
    "y": 501,
    "attributes": {
      "modularity_class": 0
    },
    "value": "10",
    "label": {
      "show": true
    },
    "category": "0"
  },
  {
    "id": "120",
    "name": "10.21.249.173",
    "itemStyle": null,
    "symbolSize": 3.169925001442312,
    "x": 507,
    "y": 585,
    "attributes": {
      "modularity_class": 0
    },
    "value": "9",
    "label": {
      "show": true
    },
    "category": "0"
  },
  {
    "id": "121",
    "name": "10.21.249.152",
    "itemStyle": null,
    "symbolSize": 3.169925001442312,
    "x": 537,
    "y": 303,
    "attributes": {
      "modularity_class": 0
    },
    "value": "9",
    "label": {
      "show": true
    },
    "category": "0"
  },
  {
    "id": "122",
    "name": "10.21.249.84",
    "itemStyle": null,
    "symbolSize": 3.169925001442312,
    "x": 545,
    "y": 330,
    "attributes": {
      "modularity_class": 0
    },
    "value": "9",
    "label": {
      "show": true
    },
    "category": "0"
  },
  {
    "id": "123",
    "name": "10.21.249.66",
    "itemStyle": null,
    "symbolSize": 3,
    "x": 525,
    "y": 503,
    "attributes": {
      "modularity_class": 0
    },
    "value": "8",
    "label": {
      "show": true
    },
    "category": "0"
  },
  {
    "id": "124",
    "name": "10.21.249.48",
    "itemStyle": null,
    "symbolSize": 3.169925001442312,
    "x": 549,
    "y": 403,
    "attributes": {
      "modularity_class": 0
    },
    "value": "9",
    "label": {
      "show": true
    },
    "category": "0"
  },
  {
    "id": "125",
    "name": "10.21.249.16",
    "itemStyle": null,
    "symbolSize": 2.807354922057604,
    "x": 379,
    "y": 309,
    "attributes": {
      "modularity_class": 0
    },
    "value": "7",
    "label": {
      "show": true
    },
    "category": "0"
  },
  {
    "id": "126",
    "name": "91.199.212.137",
    "itemStyle": null,
    "symbolSize": 6.169925001442312,
    "x": 379,
    "y": 483,
    "attributes": {
      "modularity_class": 1
    },
    "value": "72",
    "label": {
      "show": true
    },
    "category": "1"
  },
  {
    "id": "127",
    "name": "23.4.43.32",
    "itemStyle": null,
    "symbolSize": 0,
    "x": 403,
    "y": 352,
    "attributes": {
      "modularity_class": 1
    },
    "value": "1",
    "label": {
      "show": true
    },
    "category": "1"
  },
  {
    "id": "128",
    "name": "10.77.217.3",
    "itemStyle": null,
    "symbolSize": 7.721099188707185,
    "x": 443,
    "y": 586,
    "attributes": {
      "modularity_class": 1
    },
    "value": "211",
    "label": {
      "show": true
    },
    "category": "1"
  },
  {
    "id": "129",
    "name": "10.77.216.137",
    "itemStyle": null,
    "symbolSize": 6.857980995127572,
    "x": 548,
    "y": 313,
    "attributes": {
      "modularity_class": 1
    },
    "value": "116",
    "label": {
      "show": true
    },
    "category": "1"
  },
  {
    "id": "130",
    "name": "10.49.217.3",
    "itemStyle": null,
    "symbolSize": 6.569855608330948,
    "x": 305,
    "y": 416,
    "attributes": {
      "modularity_class": 1
    },
    "value": "95",
    "label": {
      "show": true
    },
    "category": "1"
  },
  {
    "id": "131",
    "name": "10.49.148.131",
    "itemStyle": null,
    "symbolSize": 16.356847391641494,
    "x": 452,
    "y": 451,
    "attributes": {
      "modularity_class": 1
    },
    "value": "83927",
    "label": {
      "show": true
    },
    "category": "1"
  },
  {
    "id": "132",
    "name": "10.49.174.157",
    "itemStyle": null,
    "symbolSize": 8.820178962415188,
    "x": 310,
    "y": 404,
    "attributes": {
      "modularity_class": 2
    },
    "value": "452",
    "label": {
      "show": true
    },
    "category": "2"
  },
  {
    "id": "133",
    "name": "220.181.159.2",
    "itemStyle": null,
    "symbolSize": 5.977279923499917,
    "x": 592,
    "y": 564,
    "attributes": {
      "modularity_class": 3
    },
    "value": "63",
    "label": {
      "show": true
    },
    "category": "3"
  },
  {
    "id": "134",
    "name": "220.181.14.145",
    "itemStyle": null,
    "symbolSize": 0,
    "x": 329,
    "y": 595,
    "attributes": {
      "modularity_class": 3
    },
    "value": "1",
    "label": {
      "show": true
    },
    "category": "3"
  },
  {
    "id": "135",
    "name": "10.49.253.127",
    "itemStyle": null,
    "symbolSize": 6.149747119504682,
    "x": 545,
    "y": 445,
    "attributes": {
      "modularity_class": 3
    },
    "value": "71",
    "label": {
      "show": true
    },
    "category": "3"
  },
  {
    "id": "136",
    "name": "10.49.253.15",
    "itemStyle": null,
    "symbolSize": 2.584962500721156,
    "x": 543,
    "y": 534,
    "attributes": {
      "modularity_class": 3
    },
    "value": "6",
    "label": {
      "show": true
    },
    "category": "3"
  },
  {
    "id": "137",
    "name": "10.49.217.3",
    "itemStyle": null,
    "symbolSize": 6.727920454563199,
    "x": 529,
    "y": 377,
    "attributes": {
      "modularity_class": 3
    },
    "value": "106",
    "label": {
      "show": true
    },
    "category": "3"
  },
  {
    "id": "138",
    "name": "10.49.137.141",
    "itemStyle": null,
    "symbolSize": 9.219168520462162,
    "x": 458,
    "y": 537,
    "attributes": {
      "modularity_class": 3
    },
    "value": "596",
    "label": {
      "show": true
    },
    "category": "3"
  },
  {
    "id": "139",
    "name": "10.24.249.104",
    "itemStyle": null,
    "symbolSize": 17.359535102697656,
    "x": 465,
    "y": 428,
    "attributes": {
      "modularity_class": 4
    },
    "value": "168167",
    "label": {
      "show": true
    },
    "category": "4"
  }
],
	"links":[
  {
    "id": 0,
    "name": null,
    "source": "0",
    "target": "5",
    "lineStyle": {
      "normal": {}
    }
  },
  {
    "id": 1,
    "name": null,
    "source": "0",
    "target": "6",
    "lineStyle": {
      "normal": {}
    }
  },
  {
    "id": 2,
    "name": null,
    "source": "0",
    "target": "7",
    "lineStyle": {
      "normal": {}
    }
  },
  {
    "id": 3,
    "name": null,
    "source": "0",
    "target": "8",
    "lineStyle": {
      "normal": {}
    }
  },
  {
    "id": 4,
    "name": null,
    "source": "0",
    "target": "9",
    "lineStyle": {
      "normal": {}
    }
  },
  {
    "id": 5,
    "name": null,
    "source": "0",
    "target": "10",
    "lineStyle": {
      "normal": {}
    }
  },
  {
    "id": 6,
    "name": null,
    "source": "0",
    "target": "11",
    "lineStyle": {
      "normal": {}
    }
  },
  {
    "id": 7,
    "name": null,
    "source": "0",
    "target": "12",
    "lineStyle": {
      "normal": {}
    }
  },
  {
    "id": 8,
    "name": null,
    "source": "0",
    "target": "13",
    "lineStyle": {
      "normal": {}
    }
  },
  {
    "id": 9,
    "name": null,
    "source": "0",
    "target": "14",
    "lineStyle": {
      "normal": {}
    }
  },
  {
    "id": 10,
    "name": null,
    "source": "0",
    "target": "15",
    "lineStyle": {
      "normal": {}
    }
  },
  {
    "id": 11,
    "name": null,
    "source": "0",
    "target": "16",
    "lineStyle": {
      "normal": {}
    }
  },
  {
    "id": 12,
    "name": null,
    "source": "0",
    "target": "17",
    "lineStyle": {
      "normal": {}
    }
  },
  {
    "id": 13,
    "name": null,
    "source": "0",
    "target": "18",
    "lineStyle": {
      "normal": {}
    }
  },
  {
    "id": 14,
    "name": null,
    "source": "0",
    "target": "19",
    "lineStyle": {
      "normal": {}
    }
  },
  {
    "id": 15,
    "name": null,
    "source": "0",
    "target": "20",
    "lineStyle": {
      "normal": {}
    }
  },
  {
    "id": 16,
    "name": null,
    "source": "0",
    "target": "21",
    "lineStyle": {
      "normal": {}
    }
  },
  {
    "id": 17,
    "name": null,
    "source": "0",
    "target": "22",
    "lineStyle": {
      "normal": {}
    }
  },
  {
    "id": 18,
    "name": null,
    "source": "0",
    "target": "23",
    "lineStyle": {
      "normal": {}
    }
  },
  {
    "id": 19,
    "name": null,
    "source": "0",
    "target": "24",
    "lineStyle": {
      "normal": {}
    }
  },
  {
    "id": 20,
    "name": null,
    "source": "0",
    "target": "25",
    "lineStyle": {
      "normal": {}
    }
  },
  {
    "id": 21,
    "name": null,
    "source": "0",
    "target": "26",
    "lineStyle": {
      "normal": {}
    }
  },
  {
    "id": 22,
    "name": null,
    "source": "0",
    "target": "27",
    "lineStyle": {
      "normal": {}
    }
  },
  {
    "id": 23,
    "name": null,
    "source": "0",
    "target": "28",
    "lineStyle": {
      "normal": {}
    }
  },
  {
    "id": 24,
    "name": null,
    "source": "0",
    "target": "29",
    "lineStyle": {
      "normal": {}
    }
  },
  {
    "id": 25,
    "name": null,
    "source": "0",
    "target": "30",
    "lineStyle": {
      "normal": {}
    }
  },
  {
    "id": 26,
    "name": null,
    "source": "0",
    "target": "31",
    "lineStyle": {
      "normal": {}
    }
  },
  {
    "id": 27,
    "name": null,
    "source": "0",
    "target": "32",
    "lineStyle": {
      "normal": {}
    }
  },
  {
    "id": 28,
    "name": null,
    "source": "0",
    "target": "33",
    "lineStyle": {
      "normal": {}
    }
  },
  {
    "id": 29,
    "name": null,
    "source": "0",
    "target": "34",
    "lineStyle": {
      "normal": {}
    }
  },
  {
    "id": 30,
    "name": null,
    "source": "0",
    "target": "35",
    "lineStyle": {
      "normal": {}
    }
  },
  {
    "id": 31,
    "name": null,
    "source": "0",
    "target": "36",
    "lineStyle": {
      "normal": {}
    }
  },
  {
    "id": 32,
    "name": null,
    "source": "0",
    "target": "37",
    "lineStyle": {
      "normal": {}
    }
  },
  {
    "id": 33,
    "name": null,
    "source": "0",
    "target": "38",
    "lineStyle": {
      "normal": {}
    }
  },
  {
    "id": 34,
    "name": null,
    "source": "0",
    "target": "39",
    "lineStyle": {
      "normal": {}
    }
  },
  {
    "id": 35,
    "name": null,
    "source": "0",
    "target": "40",
    "lineStyle": {
      "normal": {}
    }
  },
  {
    "id": 36,
    "name": null,
    "source": "0",
    "target": "41",
    "lineStyle": {
      "normal": {}
    }
  },
  {
    "id": 37,
    "name": null,
    "source": "0",
    "target": "42",
    "lineStyle": {
      "normal": {}
    }
  },
  {
    "id": 38,
    "name": null,
    "source": "0",
    "target": "43",
    "lineStyle": {
      "normal": {}
    }
  },
  {
    "id": 39,
    "name": null,
    "source": "0",
    "target": "44",
    "lineStyle": {
      "normal": {}
    }
  },
  {
    "id": 40,
    "name": null,
    "source": "0",
    "target": "45",
    "lineStyle": {
      "normal": {}
    }
  },
  {
    "id": 41,
    "name": null,
    "source": "0",
    "target": "46",
    "lineStyle": {
      "normal": {}
    }
  },
  {
    "id": 42,
    "name": null,
    "source": "0",
    "target": "47",
    "lineStyle": {
      "normal": {}
    }
  },
  {
    "id": 43,
    "name": null,
    "source": "0",
    "target": "48",
    "lineStyle": {
      "normal": {}
    }
  },
  {
    "id": 44,
    "name": null,
    "source": "0",
    "target": "49",
    "lineStyle": {
      "normal": {}
    }
  },
  {
    "id": 45,
    "name": null,
    "source": "0",
    "target": "50",
    "lineStyle": {
      "normal": {}
    }
  },
  {
    "id": 46,
    "name": null,
    "source": "0",
    "target": "51",
    "lineStyle": {
      "normal": {}
    }
  },
  {
    "id": 47,
    "name": null,
    "source": "0",
    "target": "52",
    "lineStyle": {
      "normal": {}
    }
  },
  {
    "id": 48,
    "name": null,
    "source": "0",
    "target": "53",
    "lineStyle": {
      "normal": {}
    }
  },
  {
    "id": 49,
    "name": null,
    "source": "0",
    "target": "54",
    "lineStyle": {
      "normal": {}
    }
  },
  {
    "id": 50,
    "name": null,
    "source": "0",
    "target": "55",
    "lineStyle": {
      "normal": {}
    }
  },
  {
    "id": 51,
    "name": null,
    "source": "0",
    "target": "56",
    "lineStyle": {
      "normal": {}
    }
  },
  {
    "id": 52,
    "name": null,
    "source": "0",
    "target": "57",
    "lineStyle": {
      "normal": {}
    }
  },
  {
    "id": 53,
    "name": null,
    "source": "0",
    "target": "58",
    "lineStyle": {
      "normal": {}
    }
  },
  {
    "id": 54,
    "name": null,
    "source": "0",
    "target": "59",
    "lineStyle": {
      "normal": {}
    }
  },
  {
    "id": 55,
    "name": null,
    "source": "0",
    "target": "60",
    "lineStyle": {
      "normal": {}
    }
  },
  {
    "id": 56,
    "name": null,
    "source": "0",
    "target": "61",
    "lineStyle": {
      "normal": {}
    }
  },
  {
    "id": 57,
    "name": null,
    "source": "0",
    "target": "62",
    "lineStyle": {
      "normal": {}
    }
  },
  {
    "id": 58,
    "name": null,
    "source": "0",
    "target": "63",
    "lineStyle": {
      "normal": {}
    }
  },
  {
    "id": 59,
    "name": null,
    "source": "0",
    "target": "64",
    "lineStyle": {
      "normal": {}
    }
  },
  {
    "id": 60,
    "name": null,
    "source": "0",
    "target": "65",
    "lineStyle": {
      "normal": {}
    }
  },
  {
    "id": 61,
    "name": null,
    "source": "0",
    "target": "66",
    "lineStyle": {
      "normal": {}
    }
  },
  {
    "id": 62,
    "name": null,
    "source": "0",
    "target": "67",
    "lineStyle": {
      "normal": {}
    }
  },
  {
    "id": 63,
    "name": null,
    "source": "0",
    "target": "68",
    "lineStyle": {
      "normal": {}
    }
  },
  {
    "id": 64,
    "name": null,
    "source": "0",
    "target": "69",
    "lineStyle": {
      "normal": {}
    }
  },
  {
    "id": 65,
    "name": null,
    "source": "0",
    "target": "70",
    "lineStyle": {
      "normal": {}
    }
  },
  {
    "id": 66,
    "name": null,
    "source": "0",
    "target": "71",
    "lineStyle": {
      "normal": {}
    }
  },
  {
    "id": 67,
    "name": null,
    "source": "0",
    "target": "72",
    "lineStyle": {
      "normal": {}
    }
  },
  {
    "id": 68,
    "name": null,
    "source": "0",
    "target": "73",
    "lineStyle": {
      "normal": {}
    }
  },
  {
    "id": 69,
    "name": null,
    "source": "0",
    "target": "74",
    "lineStyle": {
      "normal": {}
    }
  },
  {
    "id": 70,
    "name": null,
    "source": "0",
    "target": "75",
    "lineStyle": {
      "normal": {}
    }
  },
  {
    "id": 71,
    "name": null,
    "source": "0",
    "target": "76",
    "lineStyle": {
      "normal": {}
    }
  },
  {
    "id": 72,
    "name": null,
    "source": "0",
    "target": "77",
    "lineStyle": {
      "normal": {}
    }
  },
  {
    "id": 73,
    "name": null,
    "source": "0",
    "target": "78",
    "lineStyle": {
      "normal": {}
    }
  },
  {
    "id": 74,
    "name": null,
    "source": "0",
    "target": "79",
    "lineStyle": {
      "normal": {}
    }
  },
  {
    "id": 75,
    "name": null,
    "source": "0",
    "target": "80",
    "lineStyle": {
      "normal": {}
    }
  },
  {
    "id": 76,
    "name": null,
    "source": "0",
    "target": "81",
    "lineStyle": {
      "normal": {}
    }
  },
  {
    "id": 77,
    "name": null,
    "source": "0",
    "target": "82",
    "lineStyle": {
      "normal": {}
    }
  },
  {
    "id": 78,
    "name": null,
    "source": "0",
    "target": "83",
    "lineStyle": {
      "normal": {}
    }
  },
  {
    "id": 79,
    "name": null,
    "source": "0",
    "target": "84",
    "lineStyle": {
      "normal": {}
    }
  },
  {
    "id": 80,
    "name": null,
    "source": "0",
    "target": "85",
    "lineStyle": {
      "normal": {}
    }
  },
  {
    "id": 81,
    "name": null,
    "source": "0",
    "target": "86",
    "lineStyle": {
      "normal": {}
    }
  },
  {
    "id": 82,
    "name": null,
    "source": "0",
    "target": "87",
    "lineStyle": {
      "normal": {}
    }
  },
  {
    "id": 83,
    "name": null,
    "source": "0",
    "target": "88",
    "lineStyle": {
      "normal": {}
    }
  },
  {
    "id": 84,
    "name": null,
    "source": "0",
    "target": "89",
    "lineStyle": {
      "normal": {}
    }
  },
  {
    "id": 85,
    "name": null,
    "source": "0",
    "target": "90",
    "lineStyle": {
      "normal": {}
    }
  },
  {
    "id": 86,
    "name": null,
    "source": "0",
    "target": "91",
    "lineStyle": {
      "normal": {}
    }
  },
  {
    "id": 87,
    "name": null,
    "source": "0",
    "target": "92",
    "lineStyle": {
      "normal": {}
    }
  },
  {
    "id": 88,
    "name": null,
    "source": "0",
    "target": "93",
    "lineStyle": {
      "normal": {}
    }
  },
  {
    "id": 89,
    "name": null,
    "source": "0",
    "target": "94",
    "lineStyle": {
      "normal": {}
    }
  },
  {
    "id": 90,
    "name": null,
    "source": "0",
    "target": "95",
    "lineStyle": {
      "normal": {}
    }
  },
  {
    "id": 91,
    "name": null,
    "source": "0",
    "target": "96",
    "lineStyle": {
      "normal": {}
    }
  },
  {
    "id": 92,
    "name": null,
    "source": "0",
    "target": "97",
    "lineStyle": {
      "normal": {}
    }
  },
  {
    "id": 93,
    "name": null,
    "source": "0",
    "target": "98",
    "lineStyle": {
      "normal": {}
    }
  },
  {
    "id": 94,
    "name": null,
    "source": "0",
    "target": "99",
    "lineStyle": {
      "normal": {}
    }
  },
  {
    "id": 95,
    "name": null,
    "source": "0",
    "target": "100",
    "lineStyle": {
      "normal": {}
    }
  },
  {
    "id": 96,
    "name": null,
    "source": "0",
    "target": "101",
    "lineStyle": {
      "normal": {}
    }
  },
  {
    "id": 97,
    "name": null,
    "source": "0",
    "target": "102",
    "lineStyle": {
      "normal": {}
    }
  },
  {
    "id": 98,
    "name": null,
    "source": "0",
    "target": "103",
    "lineStyle": {
      "normal": {}
    }
  },
  {
    "id": 99,
    "name": null,
    "source": "0",
    "target": "104",
    "lineStyle": {
      "normal": {}
    }
  },
  {
    "id": 100,
    "name": null,
    "source": "0",
    "target": "105",
    "lineStyle": {
      "normal": {}
    }
  },
  {
    "id": 101,
    "name": null,
    "source": "0",
    "target": "106",
    "lineStyle": {
      "normal": {}
    }
  },
  {
    "id": 102,
    "name": null,
    "source": "0",
    "target": "107",
    "lineStyle": {
      "normal": {}
    }
  },
  {
    "id": 103,
    "name": null,
    "source": "0",
    "target": "108",
    "lineStyle": {
      "normal": {}
    }
  },
  {
    "id": 104,
    "name": null,
    "source": "0",
    "target": "109",
    "lineStyle": {
      "normal": {}
    }
  },
  {
    "id": 105,
    "name": null,
    "source": "0",
    "target": "110",
    "lineStyle": {
      "normal": {}
    }
  },
  {
    "id": 106,
    "name": null,
    "source": "0",
    "target": "111",
    "lineStyle": {
      "normal": {}
    }
  },
  {
    "id": 107,
    "name": null,
    "source": "0",
    "target": "112",
    "lineStyle": {
      "normal": {}
    }
  },
  {
    "id": 108,
    "name": null,
    "source": "0",
    "target": "113",
    "lineStyle": {
      "normal": {}
    }
  },
  {
    "id": 109,
    "name": null,
    "source": "0",
    "target": "114",
    "lineStyle": {
      "normal": {}
    }
  },
  {
    "id": 110,
    "name": null,
    "source": "0",
    "target": "115",
    "lineStyle": {
      "normal": {}
    }
  },
  {
    "id": 111,
    "name": null,
    "source": "0",
    "target": "116",
    "lineStyle": {
      "normal": {}
    }
  },
  {
    "id": 112,
    "name": null,
    "source": "0",
    "target": "117",
    "lineStyle": {
      "normal": {}
    }
  },
  {
    "id": 113,
    "name": null,
    "source": "0",
    "target": "118",
    "lineStyle": {
      "normal": {}
    }
  },
  {
    "id": 114,
    "name": null,
    "source": "0",
    "target": "119",
    "lineStyle": {
      "normal": {}
    }
  },
  {
    "id": 115,
    "name": null,
    "source": "0",
    "target": "120",
    "lineStyle": {
      "normal": {}
    }
  },
  {
    "id": 116,
    "name": null,
    "source": "0",
    "target": "121",
    "lineStyle": {
      "normal": {}
    }
  },
  {
    "id": 117,
    "name": null,
    "source": "0",
    "target": "122",
    "lineStyle": {
      "normal": {}
    }
  },
  {
    "id": 118,
    "name": null,
    "source": "0",
    "target": "123",
    "lineStyle": {
      "normal": {}
    }
  },
  {
    "id": 119,
    "name": null,
    "source": "0",
    "target": "124",
    "lineStyle": {
      "normal": {}
    }
  },
  {
    "id": 120,
    "name": null,
    "source": "0",
    "target": "125",
    "lineStyle": {
      "normal": {}
    }
  },
  {
    "id": 121,
    "name": null,
    "source": "1",
    "target": "126",
    "lineStyle": {
      "normal": {}
    }
  },
  {
    "id": 122,
    "name": null,
    "source": "1",
    "target": "127",
    "lineStyle": {
      "normal": {}
    }
  },
  {
    "id": 123,
    "name": null,
    "source": "1",
    "target": "128",
    "lineStyle": {
      "normal": {}
    }
  },
  {
    "id": 124,
    "name": null,
    "source": "1",
    "target": "129",
    "lineStyle": {
      "normal": {}
    }
  },
  {
    "id": 125,
    "name": null,
    "source": "1",
    "target": "130",
    "lineStyle": {
      "normal": {}
    }
  },
  {
    "id": 126,
    "name": null,
    "source": "1",
    "target": "131",
    "lineStyle": {
      "normal": {}
    }
  },
  {
    "id": 127,
    "name": null,
    "source": "2",
    "target": "132",
    "lineStyle": {
      "normal": {}
    }
  },
  {
    "id": 128,
    "name": null,
    "source": "3",
    "target": "133",
    "lineStyle": {
      "normal": {}
    }
  },
  {
    "id": 129,
    "name": null,
    "source": "3",
    "target": "134",
    "lineStyle": {
      "normal": {}
    }
  },
  {
    "id": 130,
    "name": null,
    "source": "3",
    "target": "135",
    "lineStyle": {
      "normal": {}
    }
  },
  {
    "id": 131,
    "name": null,
    "source": "3",
    "target": "136",
    "lineStyle": {
      "normal": {}
    }
  },
  {
    "id": 132,
    "name": null,
    "source": "3",
    "target": "137",
    "lineStyle": {
      "normal": {}
    }
  },
  {
    "id": 133,
    "name": null,
    "source": "3",
    "target": "138",
    "lineStyle": {
      "normal": {}
    }
  },
  {
    "id": 134,
    "name": null,
    "source": "4",
    "target": "139",
    "lineStyle": {
      "normal": {}
    }
  }
]
}