{
	"nodes":[
  {
    "id": "0",
    "name": "10.49.137.87",
    "itemStyle": null,
    "symbolSize": 15.981009753070461,
    "x": 361,
    "y": 471,
    "attributes": {
      "modularity_class": 0
    },
    "value": "64679",
    "label": {
      "show": true
    },
    "category": "0"
  },
  {
    "id": "1",
    "name": "10.49.148.130",
    "itemStyle": null,
    "symbolSize": 16.390958218040716,
    "x": 508,
    "y": 517,
    "attributes": {
      "modularity_class": 1
    },
    "value": "85935",
    "label": {
      "show": true
    },
    "category": "1"
  },
  {
    "id": "2",
    "name": "10.49.178.162",
    "itemStyle": null,
    "symbolSize": 8.851749041416058,
    "x": 473,
    "y": 589,
    "attributes": {
      "modularity_class": 2
    },
    "value": "462",
    "label": {
      "show": true
    },
    "category": "2"
  },
  {
    "id": "3",
    "name": "10.49.253.219",
    "itemStyle": null,
    "symbolSize": 9.562242424221072,
    "x": 439,
    "y": 357,
    "attributes": {
      "modularity_class": 3
    },
    "value": "756",
    "label": {
      "show": true
    },
    "category": "3"
  },
  {
    "id": "4",
    "name": "10.56.92.187",
    "itemStyle": null,
    "symbolSize": 17.321980926990328,
    "x": 491,
    "y": 373,
    "attributes": {
      "modularity_class": 4
    },
    "value": "163846",
    "label": {
      "show": true
    },
    "category": "4"
  },
  {
    "id": "5",
    "name": "220.181.159.222",
    "itemStyle": null,
    "symbolSize": 7.3750394313469245,
    "x": 359,
    "y": 544,
    "attributes": {
      "modularity_class": 0
    },
    "value": "166",
    "label": {
      "show": true
    },
    "category": "0"
  },
  {
    "id": "6",
    "name": "220.181.150.228",
    "itemStyle": null,
    "symbolSize": 5.426264754702098,
    "x": 566,
    "y": 596,
    "attributes": {
      "modularity_class": 0
    },
    "value": "43",
    "label": {
      "show": true
    },
    "category": "0"
  },
  {
    "id": "7",
    "name": "218.30.118.255",
    "itemStyle": null,
    "symbolSize": 5.554588851677638,
    "x": 538,
    "y": 435,
    "attributes": {
      "modularity_class": 0
    },
    "value": "47",
    "label": {
      "show": true
    },
    "category": "0"
  },
  {
    "id": "8",
    "name": "218.30.118.211",
    "itemStyle": null,
    "symbolSize": 5.087462841250339,
    "x": 508,
    "y": 365,
    "attributes": {
      "modularity_class": 0
    },
    "value": "34",
    "label": {
      "show": true
    },
    "category": "0"
  },
  {
    "id": "9",
    "name": "180.149.135.235",
    "itemStyle": null,
    "symbolSize": 1.584962500721156,
    "x": 354,
    "y": 533,
    "attributes": {
      "modularity_class": 0
    },
    "value": "3",
    "label": {
      "show": true
    },
    "category": "0"
  },
  {
    "id": "10",
    "name": "106.120.160.142",
    "itemStyle": null,
    "symbolSize": 5.285402218862249,
    "x": 528,
    "y": 580,
    "attributes": {
      "modularity_class": 0
    },
    "value": "39",
    "label": {
      "show": true
    },
    "category": "0"
  },
  {
    "id": "11",
    "name": "106.38.184.34",
    "itemStyle": null,
    "symbolSize": 2.321928094887362,
    "x": 564,
    "y": 459,
    "attributes": {
      "modularity_class": 0
    },
    "value": "5",
    "label": {
      "show": true
    },
    "category": "0"
  },
  {
    "id": "12",
    "name": "101.226.161.183",
    "itemStyle": null,
    "symbolSize": 5.459431618637297,
    "x": 592,
    "y": 350,
    "attributes": {
      "modularity_class": 0
    },
    "value": "44",
    "label": {
      "show": true
    },
    "category": "0"
  },
  {
    "id": "13",
    "name": "101.199.103.250",
    "itemStyle": null,
    "symbolSize": 5.754887502163468,
    "x": 466,
    "y": 425,
    "attributes": {
      "modularity_class": 0
    },
    "value": "54",
    "label": {
      "show": true
    },
    "category": "0"
  },
  {
    "id": "14",
    "name": "14.17.41.169",
    "itemStyle": null,
    "symbolSize": 2.584962500721156,
    "x": 600,
    "y": 375,
    "attributes": {
      "modularity_class": 0
    },
    "value": "6",
    "label": {
      "show": true
    },
    "category": "0"
  },
  {
    "id": "15",
    "name": "10.55.201.237",
    "itemStyle": null,
    "symbolSize": 3.321928094887362,
    "x": 516,
    "y": 585,
    "attributes": {
      "modularity_class": 0
    },
    "value": "10",
    "label": {
      "show": true
    },
    "category": "0"
  },
  {
    "id": "16",
    "name": "10.55.201.155",
    "itemStyle": null,
    "symbolSize": 2.321928094887362,
    "x": 540,
    "y": 492,
    "attributes": {
      "modularity_class": 0
    },
    "value": "5",
    "label": {
      "show": true
    },
    "category": "0"
  },
  {
    "id": "17",
    "name": "10.55.201.69",
    "itemStyle": null,
    "symbolSize": 3.169925001442312,
    "x": 557,
    "y": 509,
    "attributes": {
      "modularity_class": 0
    },
    "value": "9",
    "label": {
      "show": true
    },
    "category": "0"
  },
  {
    "id": "18",
    "name": "10.55.201.58",
    "itemStyle": null,
    "symbolSize": 2.321928094887362,
    "x": 599,
    "y": 409,
    "attributes": {
      "modularity_class": 0
    },
    "value": "5",
    "label": {
      "show": true
    },
    "category": "0"
  },
  {
    "id": "19",
    "name": "10.53.197.154",
    "itemStyle": null,
    "symbolSize": 3.700439718141092,
    "x": 417,
    "y": 387,
    "attributes": {
      "modularity_class": 0
    },
    "value": "13",
    "label": {
      "show": true
    },
    "category": "0"
  },
  {
    "id": "20",
    "name": "10.53.197.34",
    "itemStyle": null,
    "symbolSize": 4.169925001442312,
    "x": 521,
    "y": 465,
    "attributes": {
      "modularity_class": 0
    },
    "value": "18",
    "label": {
      "show": true
    },
    "category": "0"
  },
  {
    "id": "21",
    "name": "10.53.197.10",
    "itemStyle": null,
    "symbolSize": 3.321928094887362,
    "x": 410,
    "y": 588,
    "attributes": {
      "modularity_class": 0
    },
    "value": "10",
    "label": {
      "show": true
    },
    "category": "0"
  },
  {
    "id": "22",
    "name": "10.51.120.21",
    "itemStyle": null,
    "symbolSize": 2.321928094887362,
    "x": 315,
    "y": 556,
    "attributes": {
      "modularity_class": 0
    },
    "value": "5",
    "label": {
      "show": true
    },
    "category": "0"
  },
  {
    "id": "23",
    "name": "10.49.224.4",
    "itemStyle": null,
    "symbolSize": 2.321928094887362,
    "x": 451,
    "y": 313,
    "attributes": {
      "modularity_class": 0
    },
    "value": "5",
    "label": {
      "show": true
    },
    "category": "0"
  },
  {
    "id": "24",
    "name": "10.49.223.152",
    "itemStyle": null,
    "symbolSize": 11.492854620174748,
    "x": 491,
    "y": 556,
    "attributes": {
      "modularity_class": 0
    },
    "value": "2882",
    "label": {
      "show": true
    },
    "category": "0"
  },
  {
    "id": "25",
    "name": "10.49.223.117",
    "itemStyle": null,
    "symbolSize": 7.60733031374961,
    "x": 366,
    "y": 492,
    "attributes": {
      "modularity_class": 0
    },
    "value": "195",
    "label": {
      "show": true
    },
    "category": "0"
  },
  {
    "id": "26",
    "name": "10.49.137.249",
    "itemStyle": null,
    "symbolSize": 3,
    "x": 466,
    "y": 352,
    "attributes": {
      "modularity_class": 0
    },
    "value": "8",
    "label": {
      "show": true
    },
    "category": "0"
  },
  {
    "id": "27",
    "name": "10.49.137.242",
    "itemStyle": null,
    "symbolSize": 6.794415866350106,
    "x": 456,
    "y": 326,
    "attributes": {
      "modularity_class": 0
    },
    "value": "111",
    "label": {
      "show": true
    },
    "category": "0"
  },
  {
    "id": "28",
    "name": "10.49.137.202",
    "itemStyle": null,
    "symbolSize": 2.321928094887362,
    "x": 405,
    "y": 404,
    "attributes": {
      "modularity_class": 0
    },
    "value": "5",
    "label": {
      "show": true
    },
    "category": "0"
  },
  {
    "id": "29",
    "name": "10.49.137.188",
    "itemStyle": null,
    "symbolSize": 15.539673794277524,
    "x": 444,
    "y": 400,
    "attributes": {
      "modularity_class": 0
    },
    "value": "47633",
    "label": {
      "show": true
    },
    "category": "0"
  },
  {
    "id": "30",
    "name": "10.49.137.165",
    "itemStyle": null,
    "symbolSize": 11.214319120800766,
    "x": 359,
    "y": 433,
    "attributes": {
      "modularity_class": 0
    },
    "value": "2376",
    "label": {
      "show": true
    },
    "category": "0"
  },
  {
    "id": "31",
    "name": "10.49.137.114",
    "itemStyle": null,
    "symbolSize": 8.558420713268664,
    "x": 419,
    "y": 441,
    "attributes": {
      "modularity_class": 0
    },
    "value": "377",
    "label": {
      "show": true
    },
    "category": "0"
  },
  {
    "id": "32",
    "name": "10.49.137.45",
    "itemStyle": null,
    "symbolSize": 9.453270634010623,
    "x": 514,
    "y": 599,
    "attributes": {
      "modularity_class": 0
    },
    "value": "701",
    "label": {
      "show": true
    },
    "category": "0"
  },
  {
    "id": "33",
    "name": "10.49.88.162",
    "itemStyle": null,
    "symbolSize": 11.244958393151133,
    "x": 390,
    "y": 350,
    "attributes": {
      "modularity_class": 0
    },
    "value": "2427",
    "label": {
      "show": true
    },
    "category": "0"
  },
  {
    "id": "34",
    "name": "10.43.207.63",
    "itemStyle": null,
    "symbolSize": 0,
    "x": 333,
    "y": 331,
    "attributes": {
      "modularity_class": 0
    },
    "value": "1",
    "label": {
      "show": true
    },
    "category": "0"
  },
  {
    "id": "35",
    "name": "10.43.126.248",
    "itemStyle": null,
    "symbolSize": 3.584962500721156,
    "x": 319,
    "y": 416,
    "attributes": {
      "modularity_class": 0
    },
    "value": "12",
    "label": {
      "show": true
    },
    "category": "0"
  },
  {
    "id": "36",
    "name": "10.43.126.242",
    "itemStyle": null,
    "symbolSize": 2.321928094887362,
    "x": 384,
    "y": 464,
    "attributes": {
      "modularity_class": 0
    },
    "value": "5",
    "label": {
      "show": true
    },
    "category": "0"
  },
  {
    "id": "37",
    "name": "10.43.126.114",
    "itemStyle": null,
    "symbolSize": 2.321928094887362,
    "x": 556,
    "y": 403,
    "attributes": {
      "modularity_class": 0
    },
    "value": "5",
    "label": {
      "show": true
    },
    "category": "0"
  },
  {
    "id": "38",
    "name": "10.43.126.83",
    "itemStyle": null,
    "symbolSize": 3.9068905956085187,
    "x": 506,
    "y": 462,
    "attributes": {
      "modularity_class": 0
    },
    "value": "15",
    "label": {
      "show": true
    },
    "category": "0"
  },
  {
    "id": "39",
    "name": "10.43.126.76",
    "itemStyle": null,
    "symbolSize": 3.807354922057604,
    "x": 598,
    "y": 470,
    "attributes": {
      "modularity_class": 0
    },
    "value": "14",
    "label": {
      "show": true
    },
    "category": "0"
  },
  {
    "id": "40",
    "name": "10.43.126.72",
    "itemStyle": null,
    "symbolSize": 3.807354922057604,
    "x": 518,
    "y": 328,
    "attributes": {
      "modularity_class": 0
    },
    "value": "14",
    "label": {
      "show": true
    },
    "category": "0"
  },
  {
    "id": "41",
    "name": "10.43.88.219",
    "itemStyle": null,
    "symbolSize": 2.321928094887362,
    "x": 324,
    "y": 599,
    "attributes": {
      "modularity_class": 0
    },
    "value": "5",
    "label": {
      "show": true
    },
    "category": "0"
  },
  {
    "id": "42",
    "name": "10.43.88.180",
    "itemStyle": null,
    "symbolSize": 2.321928094887362,
    "x": 479,
    "y": 570,
    "attributes": {
      "modularity_class": 0
    },
    "value": "5",
    "label": {
      "show": true
    },
    "category": "0"
  },
  {
    "id": "43",
    "name": "10.43.88.169",
    "itemStyle": null,
    "symbolSize": 2.321928094887362,
    "x": 328,
    "y": 374,
    "attributes": {
      "modularity_class": 0
    },
    "value": "5",
    "label": {
      "show": true
    },
    "category": "0"
  },
  {
    "id": "44",
    "name": "10.43.88.10",
    "itemStyle": null,
    "symbolSize": 2.321928094887362,
    "x": 573,
    "y": 515,
    "attributes": {
      "modularity_class": 0
    },
    "value": "5",
    "label": {
      "show": true
    },
    "category": "0"
  },
  {
    "id": "45",
    "name": "10.42.130.186",
    "itemStyle": null,
    "symbolSize": 0,
    "x": 451,
    "y": 380,
    "attributes": {
      "modularity_class": 0
    },
    "value": "1",
    "label": {
      "show": true
    },
    "category": "0"
  },
  {
    "id": "46",
    "name": "10.42.33.176",
    "itemStyle": null,
    "symbolSize": 3.584962500721156,
    "x": 542,
    "y": 428,
    "attributes": {
      "modularity_class": 0
    },
    "value": "12",
    "label": {
      "show": true
    },
    "category": "0"
  },
  {
    "id": "47",
    "name": "10.40.170.227",
    "itemStyle": null,
    "symbolSize": 3.584962500721156,
    "x": 556,
    "y": 476,
    "attributes": {
      "modularity_class": 0
    },
    "value": "12",
    "label": {
      "show": true
    },
    "category": "0"
  },
  {
    "id": "48",
    "name": "10.40.170.203",
    "itemStyle": null,
    "symbolSize": 2.321928094887362,
    "x": 392,
    "y": 361,
    "attributes": {
      "modularity_class": 0
    },
    "value": "5",
    "label": {
      "show": true
    },
    "category": "0"
  },
  {
    "id": "49",
    "name": "10.40.170.177",
    "itemStyle": null,
    "symbolSize": 4.169925001442312,
    "x": 333,
    "y": 494,
    "attributes": {
      "modularity_class": 0
    },
    "value": "18",
    "label": {
      "show": true
    },
    "category": "0"
  },
  {
    "id": "50",
    "name": "10.40.170.158",
    "itemStyle": null,
    "symbolSize": 2.584962500721156,
    "x": 425,
    "y": 350,
    "attributes": {
      "modularity_class": 0
    },
    "value": "6",
    "label": {
      "show": true
    },
    "category": "0"
  },
  {
    "id": "51",
    "name": "10.40.170.144",
    "itemStyle": null,
    "symbolSize": 4.247927513443585,
    "x": 506,
    "y": 481,
    "attributes": {
      "modularity_class": 0
    },
    "value": "19",
    "label": {
      "show": true
    },
    "category": "0"
  },
  {
    "id": "52",
    "name": "10.40.170.104",
    "itemStyle": null,
    "symbolSize": 2.321928094887362,
    "x": 514,
    "y": 300,
    "attributes": {
      "modularity_class": 0
    },
    "value": "5",
    "label": {
      "show": true
    },
    "category": "0"
  },
  {
    "id": "53",
    "name": "10.40.170.98",
    "itemStyle": null,
    "symbolSize": 2.321928094887362,
    "x": 513,
    "y": 461,
    "attributes": {
      "modularity_class": 0
    },
    "value": "5",
    "label": {
      "show": true
    },
    "category": "0"
  },
  {
    "id": "54",
    "name": "10.40.170.83",
    "itemStyle": null,
    "symbolSize": 3.807354922057604,
    "x": 457,
    "y": 302,
    "attributes": {
      "modularity_class": 0
    },
    "value": "14",
    "label": {
      "show": true
    },
    "category": "0"
  },
  {
    "id": "55",
    "name": "10.40.170.80",
    "itemStyle": null,
    "symbolSize": 3.807354922057604,
    "x": 561,
    "y": 501,
    "attributes": {
      "modularity_class": 0
    },
    "value": "14",
    "label": {
      "show": true
    },
    "category": "0"
  },
  {
    "id": "56",
    "name": "10.40.170.72",
    "itemStyle": null,
    "symbolSize": 3.807354922057604,
    "x": 506,
    "y": 312,
    "attributes": {
      "modularity_class": 0
    },
    "value": "14",
    "label": {
      "show": true
    },
    "category": "0"
  },
  {
    "id": "57",
    "name": "10.40.140.222",
    "itemStyle": null,
    "symbolSize": 0,
    "x": 527,
    "y": 305,
    "attributes": {
      "modularity_class": 0
    },
    "value": "1",
    "label": {
      "show": true
    },
    "category": "0"
  },
  {
    "id": "58",
    "name": "10.40.53.99",
    "itemStyle": null,
    "symbolSize": 1,
    "x": 542,
    "y": 300,
    "attributes": {
      "modularity_class": 0
    },
    "value": "2",
    "label": {
      "show": true
    },
    "category": "0"
  },
  {
    "id": "59",
    "name": "10.40.6.193",
    "itemStyle": null,
    "symbolSize": 2,
    "x": 585,
    "y": 557,
    "attributes": {
      "modularity_class": 0
    },
    "value": "4",
    "label": {
      "show": true
    },
    "category": "0"
  },
  {
    "id": "60",
    "name": "10.40.6.102",
    "itemStyle": null,
    "symbolSize": 2.321928094887362,
    "x": 529,
    "y": 588,
    "attributes": {
      "modularity_class": 0
    },
    "value": "5",
    "label": {
      "show": true
    },
    "category": "0"
  },
  {
    "id": "61",
    "name": "10.40.6.99",
    "itemStyle": null,
    "symbolSize": 2.321928094887362,
    "x": 575,
    "y": 534,
    "attributes": {
      "modularity_class": 0
    },
    "value": "5",
    "label": {
      "show": true
    },
    "category": "0"
  },
  {
    "id": "62",
    "name": "10.38.158.89",
    "itemStyle": null,
    "symbolSize": 7.948367231584678,
    "x": 343,
    "y": 515,
    "attributes": {
      "modularity_class": 0
    },
    "value": "247",
    "label": {
      "show": true
    },
    "category": "0"
  },
  {
    "id": "63",
    "name": "10.38.125.250",
    "itemStyle": null,
    "symbolSize": 5,
    "x": 522,
    "y": 499,
    "attributes": {
      "modularity_class": 0
    },
    "value": "32",
    "label": {
      "show": true
    },
    "category": "0"
  },
  {
    "id": "64",
    "name": "10.38.125.219",
    "itemStyle": null,
    "symbolSize": 5.044394119358453,
    "x": 563,
    "y": 484,
    "attributes": {
      "modularity_class": 0
    },
    "value": "33",
    "label": {
      "show": true
    },
    "category": "0"
  },
  {
    "id": "65",
    "name": "10.38.125.191",
    "itemStyle": null,
    "symbolSize": 4.754887502163468,
    "x": 385,
    "y": 500,
    "attributes": {
      "modularity_class": 0
    },
    "value": "27",
    "label": {
      "show": true
    },
    "category": "0"
  },
  {
    "id": "66",
    "name": "10.38.125.180",
    "itemStyle": null,
    "symbolSize": 5.20945336562895,
    "x": 576,
    "y": 338,
    "attributes": {
      "modularity_class": 0
    },
    "value": "37",
    "label": {
      "show": true
    },
    "category": "0"
  },
  {
    "id": "67",
    "name": "10.38.125.169",
    "itemStyle": null,
    "symbolSize": 5.169925001442312,
    "x": 385,
    "y": 337,
    "attributes": {
      "modularity_class": 0
    },
    "value": "36",
    "label": {
      "show": true
    },
    "category": "0"
  },
  {
    "id": "68",
    "name": "10.38.125.152",
    "itemStyle": null,
    "symbolSize": 4.807354922057604,
    "x": 378,
    "y": 323,
    "attributes": {
      "modularity_class": 0
    },
    "value": "28",
    "label": {
      "show": true
    },
    "category": "0"
  },
  {
    "id": "69",
    "name": "10.38.125.111",
    "itemStyle": null,
    "symbolSize": 0,
    "x": 485,
    "y": 452,
    "attributes": {
      "modularity_class": 0
    },
    "value": "1",
    "label": {
      "show": true
    },
    "category": "0"
  },
  {
    "id": "70",
    "name": "10.38.125.34",
    "itemStyle": null,
    "symbolSize": 5.20945336562895,
    "x": 378,
    "y": 487,
    "attributes": {
      "modularity_class": 0
    },
    "value": "37",
    "label": {
      "show": true
    },
    "category": "0"
  },
  {
    "id": "71",
    "name": "10.38.125.19",
    "itemStyle": null,
    "symbolSize": 5.20945336562895,
    "x": 407,
    "y": 512,
    "attributes": {
      "modularity_class": 0
    },
    "value": "37",
    "label": {
      "show": true
    },
    "category": "0"
  },
  {
    "id": "72",
    "name": "10.38.125.10",
    "itemStyle": null,
    "symbolSize": 5.129283016944966,
    "x": 546,
    "y": 452,
    "attributes": {
      "modularity_class": 0
    },
    "value": "35",
    "label": {
      "show": true
    },
    "category": "0"
  },
  {
    "id": "73",
    "name": "10.37.85.76",
    "itemStyle": null,
    "symbolSize": 10.310612781659529,
    "x": 469,
    "y": 443,
    "attributes": {
      "modularity_class": 0
    },
    "value": "1270",
    "label": {
      "show": true
    },
    "category": "0"
  },
  {
    "id": "74",
    "name": "10.37.69.192",
    "itemStyle": null,
    "symbolSize": 3.807354922057604,
    "x": 580,
    "y": 387,
    "attributes": {
      "modularity_class": 0
    },
    "value": "14",
    "label": {
      "show": true
    },
    "category": "0"
  },
  {
    "id": "75",
    "name": "10.37.69.172",
    "itemStyle": null,
    "symbolSize": 3.321928094887362,
    "x": 348,
    "y": 523,
    "attributes": {
      "modularity_class": 0
    },
    "value": "10",
    "label": {
      "show": true
    },
    "category": "0"
  },
  {
    "id": "76",
    "name": "10.37.69.39",
    "itemStyle": null,
    "symbolSize": 3.321928094887362,
    "x": 333,
    "y": 555,
    "attributes": {
      "modularity_class": 0
    },
    "value": "10",
    "label": {
      "show": true
    },
    "category": "0"
  },
  {
    "id": "77",
    "name": "10.36.44.206",
    "itemStyle": null,
    "symbolSize": 3.169925001442312,
    "x": 445,
    "y": 411,
    "attributes": {
      "modularity_class": 0
    },
    "value": "9",
    "label": {
      "show": true
    },
    "category": "0"
  },
  {
    "id": "78",
    "name": "10.36.44.95",
    "itemStyle": null,
    "symbolSize": 4.906890595608519,
    "x": 306,
    "y": 501,
    "attributes": {
      "modularity_class": 0
    },
    "value": "30",
    "label": {
      "show": true
    },
    "category": "0"
  },
  {
    "id": "79",
    "name": "10.36.44.18",
    "itemStyle": null,
    "symbolSize": 3.321928094887362,
    "x": 539,
    "y": 452,
    "attributes": {
      "modularity_class": 0
    },
    "value": "10",
    "label": {
      "show": true
    },
    "category": "0"
  },
  {
    "id": "80",
    "name": "10.36.44.7",
    "itemStyle": null,
    "symbolSize": 3.321928094887362,
    "x": 350,
    "y": 320,
    "attributes": {
      "modularity_class": 0
    },
    "value": "10",
    "label": {
      "show": true
    },
    "category": "0"
  },
  {
    "id": "81",
    "name": "10.35.39.240",
    "itemStyle": null,
    "symbolSize": 5.247927513443585,
    "x": 402,
    "y": 392,
    "attributes": {
      "modularity_class": 0
    },
    "value": "38",
    "label": {
      "show": true
    },
    "category": "0"
  },
  {
    "id": "82",
    "name": "10.32.243.83",
    "itemStyle": null,
    "symbolSize": 3.700439718141092,
    "x": 346,
    "y": 347,
    "attributes": {
      "modularity_class": 0
    },
    "value": "13",
    "label": {
      "show": true
    },
    "category": "0"
  },
  {
    "id": "83",
    "name": "10.32.172.196",
    "itemStyle": null,
    "symbolSize": 5.20945336562895,
    "x": 464,
    "y": 392,
    "attributes": {
      "modularity_class": 0
    },
    "value": "37",
    "label": {
      "show": true
    },
    "category": "0"
  },
  {
    "id": "84",
    "name": "10.32.172.186",
    "itemStyle": null,
    "symbolSize": 4,
    "x": 303,
    "y": 323,
    "attributes": {
      "modularity_class": 0
    },
    "value": "16",
    "label": {
      "show": true
    },
    "category": "0"
  },
  {
    "id": "85",
    "name": "10.32.172.165",
    "itemStyle": null,
    "symbolSize": 4.169925001442312,
    "x": 340,
    "y": 494,
    "attributes": {
      "modularity_class": 0
    },
    "value": "18",
    "label": {
      "show": true
    },
    "category": "0"
  },
  {
    "id": "86",
    "name": "10.32.172.136",
    "itemStyle": null,
    "symbolSize": 0,
    "x": 471,
    "y": 549,
    "attributes": {
      "modularity_class": 0
    },
    "value": "1",
    "label": {
      "show": true
    },
    "category": "0"
  },
  {
    "id": "87",
    "name": "10.32.172.113",
    "itemStyle": null,
    "symbolSize": 4.247927513443585,
    "x": 499,
    "y": 411,
    "attributes": {
      "modularity_class": 0
    },
    "value": "19",
    "label": {
      "show": true
    },
    "category": "0"
  },
  {
    "id": "88",
    "name": "10.32.172.56",
    "itemStyle": null,
    "symbolSize": 4.247927513443585,
    "x": 324,
    "y": 566,
    "attributes": {
      "modularity_class": 0
    },
    "value": "19",
    "label": {
      "show": true
    },
    "category": "0"
  },
  {
    "id": "89",
    "name": "10.32.172.39",
    "itemStyle": null,
    "symbolSize": 4.247927513443585,
    "x": 435,
    "y": 505,
    "attributes": {
      "modularity_class": 0
    },
    "value": "19",
    "label": {
      "show": true
    },
    "category": "0"
  },
  {
    "id": "90",
    "name": "10.32.172.14",
    "itemStyle": null,
    "symbolSize": 11.424691191512954,
    "x": 591,
    "y": 336,
    "attributes": {
      "modularity_class": 0
    },
    "value": "2749",
    "label": {
      "show": true
    },
    "category": "0"
  },
  {
    "id": "91",
    "name": "10.32.49.245",
    "itemStyle": null,
    "symbolSize": 4.523561956057013,
    "x": 317,
    "y": 305,
    "attributes": {
      "modularity_class": 0
    },
    "value": "23",
    "label": {
      "show": true
    },
    "category": "0"
  },
  {
    "id": "92",
    "name": "10.32.49.219",
    "itemStyle": null,
    "symbolSize": 5.169925001442312,
    "x": 492,
    "y": 503,
    "attributes": {
      "modularity_class": 0
    },
    "value": "36",
    "label": {
      "show": true
    },
    "category": "0"
  },
  {
    "id": "93",
    "name": "10.32.49.185",
    "itemStyle": null,
    "symbolSize": 4.857980995127572,
    "x": 576,
    "y": 528,
    "attributes": {
      "modularity_class": 0
    },
    "value": "29",
    "label": {
      "show": true
    },
    "category": "0"
  },
  {
    "id": "94",
    "name": "10.32.49.181",
    "itemStyle": null,
    "symbolSize": 4.087462841250339,
    "x": 468,
    "y": 573,
    "attributes": {
      "modularity_class": 0
    },
    "value": "17",
    "label": {
      "show": true
    },
    "category": "0"
  },
  {
    "id": "95",
    "name": "10.32.49.159",
    "itemStyle": null,
    "symbolSize": 5.20945336562895,
    "x": 442,
    "y": 321,
    "attributes": {
      "modularity_class": 0
    },
    "value": "37",
    "label": {
      "show": true
    },
    "category": "0"
  },
  {
    "id": "96",
    "name": "10.32.49.152",
    "itemStyle": null,
    "symbolSize": 4.247927513443585,
    "x": 496,
    "y": 309,
    "attributes": {
      "modularity_class": 0
    },
    "value": "19",
    "label": {
      "show": true
    },
    "category": "0"
  },
  {
    "id": "97",
    "name": "10.32.49.135",
    "itemStyle": null,
    "symbolSize": 4.459431618637297,
    "x": 429,
    "y": 391,
    "attributes": {
      "modularity_class": 0
    },
    "value": "22",
    "label": {
      "show": true
    },
    "category": "0"
  },
  {
    "id": "98",
    "name": "10.32.49.132",
    "itemStyle": null,
    "symbolSize": 4.643856189774724,
    "x": 451,
    "y": 522,
    "attributes": {
      "modularity_class": 0
    },
    "value": "25",
    "label": {
      "show": true
    },
    "category": "0"
  },
  {
    "id": "99",
    "name": "10.32.49.107",
    "itemStyle": null,
    "symbolSize": 5.044394119358453,
    "x": 568,
    "y": 338,
    "attributes": {
      "modularity_class": 0
    },
    "value": "33",
    "label": {
      "show": true
    },
    "category": "0"
  },
  {
    "id": "100",
    "name": "10.32.49.105",
    "itemStyle": null,
    "symbolSize": 4.247927513443585,
    "x": 484,
    "y": 435,
    "attributes": {
      "modularity_class": 0
    },
    "value": "19",
    "label": {
      "show": true
    },
    "category": "0"
  },
  {
    "id": "101",
    "name": "10.32.49.91",
    "itemStyle": null,
    "symbolSize": 3.700439718141092,
    "x": 317,
    "y": 525,
    "attributes": {
      "modularity_class": 0
    },
    "value": "13",
    "label": {
      "show": true
    },
    "category": "0"
  },
  {
    "id": "102",
    "name": "10.32.49.81",
    "itemStyle": null,
    "symbolSize": 4.247927513443585,
    "x": 523,
    "y": 525,
    "attributes": {
      "modularity_class": 0
    },
    "value": "19",
    "label": {
      "show": true
    },
    "category": "0"
  },
  {
    "id": "103",
    "name": "10.32.49.55",
    "itemStyle": null,
    "symbolSize": 4.321928094887363,
    "x": 378,
    "y": 440,
    "attributes": {
      "modularity_class": 0
    },
    "value": "20",
    "label": {
      "show": true
    },
    "category": "0"
  },
  {
    "id": "104",
    "name": "10.32.49.48",
    "itemStyle": null,
    "symbolSize": 4.247927513443585,
    "x": 400,
    "y": 437,
    "attributes": {
      "modularity_class": 0
    },
    "value": "19",
    "label": {
      "show": true
    },
    "category": "0"
  },
  {
    "id": "105",
    "name": "10.32.49.44",
    "itemStyle": null,
    "symbolSize": 4.523561956057013,
    "x": 343,
    "y": 378,
    "attributes": {
      "modularity_class": 0
    },
    "value": "23",
    "label": {
      "show": true
    },
    "category": "0"
  },
  {
    "id": "106",
    "name": "10.32.49.30",
    "itemStyle": null,
    "symbolSize": 4.807354922057604,
    "x": 351,
    "y": 527,
    "attributes": {
      "modularity_class": 0
    },
    "value": "28",
    "label": {
      "show": true
    },
    "category": "0"
  },
  {
    "id": "107",
    "name": "10.32.49.13",
    "itemStyle": null,
    "symbolSize": 4.754887502163468,
    "x": 493,
    "y": 488,
    "attributes": {
      "modularity_class": 0
    },
    "value": "27",
    "label": {
      "show": true
    },
    "category": "0"
  },
  {
    "id": "108",
    "name": "10.32.42.216",
    "itemStyle": null,
    "symbolSize": 3.807354922057604,
    "x": 496,
    "y": 471,
    "attributes": {
      "modularity_class": 0
    },
    "value": "14",
    "label": {
      "show": true
    },
    "category": "0"
  },
  {
    "id": "109",
    "name": "10.32.6.252",
    "itemStyle": null,
    "symbolSize": 5.129283016944966,
    "x": 476,
    "y": 389,
    "attributes": {
      "modularity_class": 0
    },
    "value": "35",
    "label": {
      "show": true
    },
    "category": "0"
  },
  {
    "id": "110",
    "name": "10.32.6.250",
    "itemStyle": null,
    "symbolSize": 4.954196310386875,
    "x": 599,
    "y": 303,
    "attributes": {
      "modularity_class": 0
    },
    "value": "31",
    "label": {
      "show": true
    },
    "category": "0"
  },
  {
    "id": "111",
    "name": "10.32.6.236",
    "itemStyle": null,
    "symbolSize": 5.20945336562895,
    "x": 304,
    "y": 594,
    "attributes": {
      "modularity_class": 0
    },
    "value": "37",
    "label": {
      "show": true
    },
    "category": "0"
  },
  {
    "id": "112",
    "name": "10.32.6.226",
    "itemStyle": null,
    "symbolSize": 5.169925001442312,
    "x": 337,
    "y": 476,
    "attributes": {
      "modularity_class": 0
    },
    "value": "36",
    "label": {
      "show": true
    },
    "category": "0"
  },
  {
    "id": "113",
    "name": "10.32.6.221",
    "itemStyle": null,
    "symbolSize": 5.087462841250339,
    "x": 312,
    "y": 541,
    "attributes": {
      "modularity_class": 0
    },
    "value": "34",
    "label": {
      "show": true
    },
    "category": "0"
  },
  {
    "id": "114",
    "name": "10.32.6.217",
    "itemStyle": null,
    "symbolSize": 5.044394119358453,
    "x": 453,
    "y": 429,
    "attributes": {
      "modularity_class": 0
    },
    "value": "33",
    "label": {
      "show": true
    },
    "category": "0"
  },
  {
    "id": "115",
    "name": "10.32.6.142",
    "itemStyle": null,
    "symbolSize": 5.169925001442312,
    "x": 324,
    "y": 473,
    "attributes": {
      "modularity_class": 0
    },
    "value": "36",
    "label": {
      "show": true
    },
    "category": "0"
  },
  {
    "id": "116",
    "name": "10.32.6.139",
    "itemStyle": null,
    "symbolSize": 5.087462841250339,
    "x": 547,
    "y": 559,
    "attributes": {
      "modularity_class": 0
    },
    "value": "34",
    "label": {
      "show": true
    },
    "category": "0"
  },
  {
    "id": "117",
    "name": "10.32.6.53",
    "itemStyle": null,
    "symbolSize": 5.20945336562895,
    "x": 320,
    "y": 307,
    "attributes": {
      "modularity_class": 0
    },
    "value": "37",
    "label": {
      "show": true
    },
    "category": "0"
  },
  {
    "id": "118",
    "name": "10.32.6.11",
    "itemStyle": null,
    "symbolSize": 5.044394119358453,
    "x": 531,
    "y": 312,
    "attributes": {
      "modularity_class": 0
    },
    "value": "33",
    "label": {
      "show": true
    },
    "category": "0"
  },
  {
    "id": "119",
    "name": "10.24.249.240",
    "itemStyle": null,
    "symbolSize": 4.807354922057604,
    "x": 517,
    "y": 418,
    "attributes": {
      "modularity_class": 0
    },
    "value": "28",
    "label": {
      "show": true
    },
    "category": "0"
  },
  {
    "id": "120",
    "name": "10.24.249.216",
    "itemStyle": null,
    "symbolSize": 4.700439718141092,
    "x": 373,
    "y": 362,
    "attributes": {
      "modularity_class": 0
    },
    "value": "26",
    "label": {
      "show": true
    },
    "category": "0"
  },
  {
    "id": "121",
    "name": "10.24.249.178",
    "itemStyle": null,
    "symbolSize": 3.584962500721156,
    "x": 568,
    "y": 404,
    "attributes": {
      "modularity_class": 0
    },
    "value": "12",
    "label": {
      "show": true
    },
    "category": "0"
  },
  {
    "id": "122",
    "name": "10.24.249.151",
    "itemStyle": null,
    "symbolSize": 4.807354922057604,
    "x": 436,
    "y": 321,
    "attributes": {
      "modularity_class": 0
    },
    "value": "28",
    "label": {
      "show": true
    },
    "category": "0"
  },
  {
    "id": "123",
    "name": "10.24.249.110",
    "itemStyle": null,
    "symbolSize": 5,
    "x": 391,
    "y": 346,
    "attributes": {
      "modularity_class": 0
    },
    "value": "32",
    "label": {
      "show": true
    },
    "category": "0"
  },
  {
    "id": "124",
    "name": "10.24.249.65",
    "itemStyle": null,
    "symbolSize": 4,
    "x": 469,
    "y": 590,
    "attributes": {
      "modularity_class": 0
    },
    "value": "16",
    "label": {
      "show": true
    },
    "category": "0"
  },
  {
    "id": "125",
    "name": "10.24.249.32",
    "itemStyle": null,
    "symbolSize": 5.20945336562895,
    "x": 566,
    "y": 412,
    "attributes": {
      "modularity_class": 0
    },
    "value": "37",
    "label": {
      "show": true
    },
    "category": "0"
  },
  {
    "id": "126",
    "name": "10.24.249.14",
    "itemStyle": null,
    "symbolSize": 5.20945336562895,
    "x": 350,
    "y": 475,
    "attributes": {
      "modularity_class": 0
    },
    "value": "37",
    "label": {
      "show": true
    },
    "category": "0"
  },
  {
    "id": "127",
    "name": "10.24.249.13",
    "itemStyle": null,
    "symbolSize": 5.20945336562895,
    "x": 500,
    "y": 360,
    "attributes": {
      "modularity_class": 0
    },
    "value": "37",
    "label": {
      "show": true
    },
    "category": "0"
  },
  {
    "id": "128",
    "name": "10.24.243.184",
    "itemStyle": null,
    "symbolSize": 4.247927513443585,
    "x": 386,
    "y": 503,
    "attributes": {
      "modularity_class": 0
    },
    "value": "19",
    "label": {
      "show": true
    },
    "category": "0"
  },
  {
    "id": "129",
    "name": "10.24.243.157",
    "itemStyle": null,
    "symbolSize": 4.087462841250339,
    "x": 486,
    "y": 438,
    "attributes": {
      "modularity_class": 0
    },
    "value": "17",
    "label": {
      "show": true
    },
    "category": "0"
  },
  {
    "id": "130",
    "name": "10.24.243.145",
    "itemStyle": null,
    "symbolSize": 4.247927513443585,
    "x": 480,
    "y": 417,
    "attributes": {
      "modularity_class": 0
    },
    "value": "19",
    "label": {
      "show": true
    },
    "category": "0"
  },
  {
    "id": "131",
    "name": "10.24.243.67",
    "itemStyle": null,
    "symbolSize": 3.9068905956085187,
    "x": 596,
    "y": 388,
    "attributes": {
      "modularity_class": 0
    },
    "value": "15",
    "label": {
      "show": true
    },
    "category": "0"
  },
  {
    "id": "132",
    "name": "10.24.243.44",
    "itemStyle": null,
    "symbolSize": 4.087462841250339,
    "x": 412,
    "y": 570,
    "attributes": {
      "modularity_class": 0
    },
    "value": "17",
    "label": {
      "show": true
    },
    "category": "0"
  },
  {
    "id": "133",
    "name": "10.24.243.31",
    "itemStyle": null,
    "symbolSize": 4.169925001442312,
    "x": 314,
    "y": 472,
    "attributes": {
      "modularity_class": 0
    },
    "value": "18",
    "label": {
      "show": true
    },
    "category": "0"
  },
  {
    "id": "134",
    "name": "10.24.243.27",
    "itemStyle": null,
    "symbolSize": 4.087462841250339,
    "x": 594,
    "y": 329,
    "attributes": {
      "modularity_class": 0
    },
    "value": "17",
    "label": {
      "show": true
    },
    "category": "0"
  },
  {
    "id": "135",
    "name": "10.24.172.229",
    "itemStyle": null,
    "symbolSize": 4.169925001442312,
    "x": 435,
    "y": 577,
    "attributes": {
      "modularity_class": 0
    },
    "value": "18",
    "label": {
      "show": true
    },
    "category": "0"
  },
  {
    "id": "136",
    "name": "10.24.172.210",
    "itemStyle": null,
    "symbolSize": 5.614709844115208,
    "x": 436,
    "y": 568,
    "attributes": {
      "modularity_class": 0
    },
    "value": "49",
    "label": {
      "show": true
    },
    "category": "0"
  },
  {
    "id": "137",
    "name": "10.24.172.154",
    "itemStyle": null,
    "symbolSize": 4,
    "x": 582,
    "y": 528,
    "attributes": {
      "modularity_class": 0
    },
    "value": "16",
    "label": {
      "show": true
    },
    "category": "0"
  },
  {
    "id": "138",
    "name": "10.24.172.34",
    "itemStyle": null,
    "symbolSize": 4,
    "x": 571,
    "y": 348,
    "attributes": {
      "modularity_class": 0
    },
    "value": "16",
    "label": {
      "show": true
    },
    "category": "0"
  },
  {
    "id": "139",
    "name": "10.24.172.19",
    "itemStyle": null,
    "symbolSize": 4.087462841250339,
    "x": 451,
    "y": 539,
    "attributes": {
      "modularity_class": 0
    },
    "value": "17",
    "label": {
      "show": true
    },
    "category": "0"
  },
  {
    "id": "140",
    "name": "10.24.104.141",
    "itemStyle": null,
    "symbolSize": 4.087462841250339,
    "x": 423,
    "y": 440,
    "attributes": {
      "modularity_class": 0
    },
    "value": "17",
    "label": {
      "show": true
    },
    "category": "0"
  },
  {
    "id": "141",
    "name": "10.24.66.181",
    "itemStyle": null,
    "symbolSize": 0,
    "x": 324,
    "y": 308,
    "attributes": {
      "modularity_class": 0
    },
    "value": "1",
    "label": {
      "show": true
    },
    "category": "0"
  },
  {
    "id": "142",
    "name": "10.24.65.1",
    "itemStyle": null,
    "symbolSize": 5.169925001442312,
    "x": 507,
    "y": 481,
    "attributes": {
      "modularity_class": 0
    },
    "value": "36",
    "label": {
      "show": true
    },
    "category": "0"
  },
  {
    "id": "143",
    "name": "10.24.64.230",
    "itemStyle": null,
    "symbolSize": 5.129283016944966,
    "x": 545,
    "y": 327,
    "attributes": {
      "modularity_class": 0
    },
    "value": "35",
    "label": {
      "show": true
    },
    "category": "0"
  },
  {
    "id": "144",
    "name": "10.24.64.222",
    "itemStyle": null,
    "symbolSize": 5.169925001442312,
    "x": 488,
    "y": 537,
    "attributes": {
      "modularity_class": 0
    },
    "value": "36",
    "label": {
      "show": true
    },
    "category": "0"
  },
  {
    "id": "145",
    "name": "10.24.64.215",
    "itemStyle": null,
    "symbolSize": 5.044394119358453,
    "x": 577,
    "y": 520,
    "attributes": {
      "modularity_class": 0
    },
    "value": "33",
    "label": {
      "show": true
    },
    "category": "0"
  },
  {
    "id": "146",
    "name": "10.24.64.176",
    "itemStyle": null,
    "symbolSize": 6.321928094887363,
    "x": 549,
    "y": 499,
    "attributes": {
      "modularity_class": 0
    },
    "value": "80",
    "label": {
      "show": true
    },
    "category": "0"
  },
  {
    "id": "147",
    "name": "10.24.64.166",
    "itemStyle": null,
    "symbolSize": 5.129283016944966,
    "x": 515,
    "y": 317,
    "attributes": {
      "modularity_class": 0
    },
    "value": "35",
    "label": {
      "show": true
    },
    "category": "0"
  },
  {
    "id": "148",
    "name": "10.24.64.77",
    "itemStyle": null,
    "symbolSize": 5.20945336562895,
    "x": 509,
    "y": 413,
    "attributes": {
      "modularity_class": 0
    },
    "value": "37",
    "label": {
      "show": true
    },
    "category": "0"
  },
  {
    "id": "149",
    "name": "10.24.64.64",
    "itemStyle": null,
    "symbolSize": 5.169925001442312,
    "x": 547,
    "y": 475,
    "attributes": {
      "modularity_class": 0
    },
    "value": "36",
    "label": {
      "show": true
    },
    "category": "0"
  },
  {
    "id": "150",
    "name": "10.24.64.62",
    "itemStyle": null,
    "symbolSize": 4.169925001442312,
    "x": 355,
    "y": 466,
    "attributes": {
      "modularity_class": 0
    },
    "value": "18",
    "label": {
      "show": true
    },
    "category": "0"
  },
  {
    "id": "151",
    "name": "10.24.64.54",
    "itemStyle": null,
    "symbolSize": 5.169925001442312,
    "x": 309,
    "y": 427,
    "attributes": {
      "modularity_class": 0
    },
    "value": "36",
    "label": {
      "show": true
    },
    "category": "0"
  },
  {
    "id": "152",
    "name": "10.24.64.46",
    "itemStyle": null,
    "symbolSize": 5.20945336562895,
    "x": 491,
    "y": 551,
    "attributes": {
      "modularity_class": 0
    },
    "value": "37",
    "label": {
      "show": true
    },
    "category": "0"
  },
  {
    "id": "153",
    "name": "10.24.64.24",
    "itemStyle": null,
    "symbolSize": 5.044394119358453,
    "x": 452,
    "y": 414,
    "attributes": {
      "modularity_class": 0
    },
    "value": "33",
    "label": {
      "show": true
    },
    "category": "0"
  },
  {
    "id": "154",
    "name": "10.24.50.4",
    "itemStyle": null,
    "symbolSize": 4.247927513443585,
    "x": 406,
    "y": 492,
    "attributes": {
      "modularity_class": 0
    },
    "value": "19",
    "label": {
      "show": true
    },
    "category": "0"
  },
  {
    "id": "155",
    "name": "10.24.49.239",
    "itemStyle": null,
    "symbolSize": 5.129283016944966,
    "x": 356,
    "y": 536,
    "attributes": {
      "modularity_class": 0
    },
    "value": "35",
    "label": {
      "show": true
    },
    "category": "0"
  },
  {
    "id": "156",
    "name": "10.24.49.210",
    "itemStyle": null,
    "symbolSize": 5.20945336562895,
    "x": 326,
    "y": 301,
    "attributes": {
      "modularity_class": 0
    },
    "value": "37",
    "label": {
      "show": true
    },
    "category": "0"
  },
  {
    "id": "157",
    "name": "10.24.49.207",
    "itemStyle": null,
    "symbolSize": 3.807354922057604,
    "x": 457,
    "y": 564,
    "attributes": {
      "modularity_class": 0
    },
    "value": "14",
    "label": {
      "show": true
    },
    "category": "0"
  },
  {
    "id": "158",
    "name": "10.24.49.172",
    "itemStyle": null,
    "symbolSize": 4.247927513443585,
    "x": 598,
    "y": 377,
    "attributes": {
      "modularity_class": 0
    },
    "value": "19",
    "label": {
      "show": true
    },
    "category": "0"
  },
  {
    "id": "159",
    "name": "10.24.49.152",
    "itemStyle": null,
    "symbolSize": 4.169925001442312,
    "x": 462,
    "y": 554,
    "attributes": {
      "modularity_class": 0
    },
    "value": "18",
    "label": {
      "show": true
    },
    "category": "0"
  },
  {
    "id": "160",
    "name": "10.24.49.144",
    "itemStyle": null,
    "symbolSize": 5.20945336562895,
    "x": 333,
    "y": 547,
    "attributes": {
      "modularity_class": 0
    },
    "value": "37",
    "label": {
      "show": true
    },
    "category": "0"
  },
  {
    "id": "161",
    "name": "10.24.49.119",
    "itemStyle": null,
    "symbolSize": 0,
    "x": 340,
    "y": 429,
    "attributes": {
      "modularity_class": 0
    },
    "value": "1",
    "label": {
      "show": true
    },
    "category": "0"
  },
  {
    "id": "162",
    "name": "10.24.49.65",
    "itemStyle": null,
    "symbolSize": 1,
    "x": 525,
    "y": 401,
    "attributes": {
      "modularity_class": 0
    },
    "value": "2",
    "label": {
      "show": true
    },
    "category": "0"
  },
  {
    "id": "163",
    "name": "10.24.49.29",
    "itemStyle": null,
    "symbolSize": 3.4594316186372973,
    "x": 447,
    "y": 472,
    "attributes": {
      "modularity_class": 0
    },
    "value": "11",
    "label": {
      "show": true
    },
    "category": "0"
  },
  {
    "id": "164",
    "name": "10.24.49.25",
    "itemStyle": null,
    "symbolSize": 4.087462841250339,
    "x": 479,
    "y": 344,
    "attributes": {
      "modularity_class": 0
    },
    "value": "17",
    "label": {
      "show": true
    },
    "category": "0"
  },
  {
    "id": "165",
    "name": "10.23.167.74",
    "itemStyle": null,
    "symbolSize": 3.9068905956085187,
    "x": 330,
    "y": 312,
    "attributes": {
      "modularity_class": 0
    },
    "value": "15",
    "label": {
      "show": true
    },
    "category": "0"
  },
  {
    "id": "166",
    "name": "10.22.249.227",
    "itemStyle": null,
    "symbolSize": 5,
    "x": 563,
    "y": 553,
    "attributes": {
      "modularity_class": 0
    },
    "value": "32",
    "label": {
      "show": true
    },
    "category": "0"
  },
  {
    "id": "167",
    "name": "10.22.249.220",
    "itemStyle": null,
    "symbolSize": 4.807354922057604,
    "x": 547,
    "y": 576,
    "attributes": {
      "modularity_class": 0
    },
    "value": "28",
    "label": {
      "show": true
    },
    "category": "0"
  },
  {
    "id": "168",
    "name": "10.22.249.169",
    "itemStyle": null,
    "symbolSize": 4.954196310386875,
    "x": 516,
    "y": 569,
    "attributes": {
      "modularity_class": 0
    },
    "value": "31",
    "label": {
      "show": true
    },
    "category": "0"
  },
  {
    "id": "169",
    "name": "10.22.249.128",
    "itemStyle": null,
    "symbolSize": 2.321928094887362,
    "x": 344,
    "y": 560,
    "attributes": {
      "modularity_class": 0
    },
    "value": "5",
    "label": {
      "show": true
    },
    "category": "0"
  },
  {
    "id": "170",
    "name": "10.22.249.116",
    "itemStyle": null,
    "symbolSize": 4.754887502163468,
    "x": 427,
    "y": 339,
    "attributes": {
      "modularity_class": 0
    },
    "value": "27",
    "label": {
      "show": true
    },
    "category": "0"
  },
  {
    "id": "171",
    "name": "10.22.249.109",
    "itemStyle": null,
    "symbolSize": 4.643856189774724,
    "x": 442,
    "y": 591,
    "attributes": {
      "modularity_class": 0
    },
    "value": "25",
    "label": {
      "show": true
    },
    "category": "0"
  },
  {
    "id": "172",
    "name": "10.22.249.91",
    "itemStyle": null,
    "symbolSize": 5,
    "x": 521,
    "y": 574,
    "attributes": {
      "modularity_class": 0
    },
    "value": "32",
    "label": {
      "show": true
    },
    "category": "0"
  },
  {
    "id": "173",
    "name": "10.22.249.83",
    "itemStyle": null,
    "symbolSize": 5,
    "x": 592,
    "y": 384,
    "attributes": {
      "modularity_class": 0
    },
    "value": "32",
    "label": {
      "show": true
    },
    "category": "0"
  },
  {
    "id": "174",
    "name": "10.22.249.37",
    "itemStyle": null,
    "symbolSize": 5.044394119358453,
    "x": 309,
    "y": 479,
    "attributes": {
      "modularity_class": 0
    },
    "value": "33",
    "label": {
      "show": true
    },
    "category": "0"
  },
  {
    "id": "175",
    "name": "10.22.249.9",
    "itemStyle": null,
    "symbolSize": 2.321928094887362,
    "x": 454,
    "y": 437,
    "attributes": {
      "modularity_class": 0
    },
    "value": "5",
    "label": {
      "show": true
    },
    "category": "0"
  },
  {
    "id": "176",
    "name": "10.21.252.217",
    "itemStyle": null,
    "symbolSize": 0,
    "x": 332,
    "y": 392,
    "attributes": {
      "modularity_class": 0
    },
    "value": "1",
    "label": {
      "show": true
    },
    "category": "0"
  },
  {
    "id": "177",
    "name": "10.21.250.4",
    "itemStyle": null,
    "symbolSize": 3.9068905956085187,
    "x": 579,
    "y": 456,
    "attributes": {
      "modularity_class": 0
    },
    "value": "15",
    "label": {
      "show": true
    },
    "category": "0"
  },
  {
    "id": "178",
    "name": "10.21.249.244",
    "itemStyle": null,
    "symbolSize": 3.9068905956085187,
    "x": 446,
    "y": 380,
    "attributes": {
      "modularity_class": 0
    },
    "value": "15",
    "label": {
      "show": true
    },
    "category": "0"
  },
  {
    "id": "179",
    "name": "10.21.249.196",
    "itemStyle": null,
    "symbolSize": 3.700439718141092,
    "x": 487,
    "y": 323,
    "attributes": {
      "modularity_class": 0
    },
    "value": "13",
    "label": {
      "show": true
    },
    "category": "0"
  },
  {
    "id": "180",
    "name": "10.21.249.190",
    "itemStyle": null,
    "symbolSize": 4.247927513443585,
    "x": 406,
    "y": 307,
    "attributes": {
      "modularity_class": 0
    },
    "value": "19",
    "label": {
      "show": true
    },
    "category": "0"
  },
  {
    "id": "181",
    "name": "10.21.249.175",
    "itemStyle": null,
    "symbolSize": 2.321928094887362,
    "x": 583,
    "y": 305,
    "attributes": {
      "modularity_class": 0
    },
    "value": "5",
    "label": {
      "show": true
    },
    "category": "0"
  },
  {
    "id": "182",
    "name": "10.21.249.173",
    "itemStyle": null,
    "symbolSize": 4,
    "x": 581,
    "y": 375,
    "attributes": {
      "modularity_class": 0
    },
    "value": "16",
    "label": {
      "show": true
    },
    "category": "0"
  },
  {
    "id": "183",
    "name": "10.21.249.152",
    "itemStyle": null,
    "symbolSize": 3.9068905956085187,
    "x": 379,
    "y": 511,
    "attributes": {
      "modularity_class": 0
    },
    "value": "15",
    "label": {
      "show": true
    },
    "category": "0"
  },
  {
    "id": "184",
    "name": "10.21.249.120",
    "itemStyle": null,
    "symbolSize": 2.321928094887362,
    "x": 435,
    "y": 447,
    "attributes": {
      "modularity_class": 0
    },
    "value": "5",
    "label": {
      "show": true
    },
    "category": "0"
  },
  {
    "id": "185",
    "name": "10.21.249.84",
    "itemStyle": null,
    "symbolSize": 4.523561956057013,
    "x": 403,
    "y": 389,
    "attributes": {
      "modularity_class": 0
    },
    "value": "23",
    "label": {
      "show": true
    },
    "category": "0"
  },
  {
    "id": "186",
    "name": "10.21.249.66",
    "itemStyle": null,
    "symbolSize": 3.807354922057604,
    "x": 388,
    "y": 593,
    "attributes": {
      "modularity_class": 0
    },
    "value": "14",
    "label": {
      "show": true
    },
    "category": "0"
  },
  {
    "id": "187",
    "name": "10.21.249.48",
    "itemStyle": null,
    "symbolSize": 3.584962500721156,
    "x": 341,
    "y": 493,
    "attributes": {
      "modularity_class": 0
    },
    "value": "12",
    "label": {
      "show": true
    },
    "category": "0"
  },
  {
    "id": "188",
    "name": "10.21.249.16",
    "itemStyle": null,
    "symbolSize": 3.9068905956085187,
    "x": 435,
    "y": 408,
    "attributes": {
      "modularity_class": 0
    },
    "value": "15",
    "label": {
      "show": true
    },
    "category": "0"
  },
  {
    "id": "189",
    "name": "220.181.158.208",
    "itemStyle": null,
    "symbolSize": 2.584962500721156,
    "x": 479,
    "y": 431,
    "attributes": {
      "modularity_class": 1
    },
    "value": "6",
    "label": {
      "show": true
    },
    "category": "1"
  },
  {
    "id": "190",
    "name": "91.199.212.137",
    "itemStyle": null,
    "symbolSize": 6.321928094887363,
    "x": 439,
    "y": 523,
    "attributes": {
      "modularity_class": 1
    },
    "value": "80",
    "label": {
      "show": true
    },
    "category": "1"
  },
  {
    "id": "191",
    "name": "10.77.217.3",
    "itemStyle": null,
    "symbolSize": 7.546894459887636,
    "x": 512,
    "y": 566,
    "attributes": {
      "modularity_class": 1
    },
    "value": "187",
    "label": {
      "show": true
    },
    "category": "1"
  },
  {
    "id": "192",
    "name": "10.77.216.137",
    "itemStyle": null,
    "symbolSize": 7.6653359171851765,
    "x": 332,
    "y": 477,
    "attributes": {
      "modularity_class": 1
    },
    "value": "203",
    "label": {
      "show": true
    },
    "category": "1"
  },
  {
    "id": "193",
    "name": "10.49.217.3",
    "itemStyle": null,
    "symbolSize": 4.643856189774724,
    "x": 436,
    "y": 577,
    "attributes": {
      "modularity_class": 1
    },
    "value": "25",
    "label": {
      "show": true
    },
    "category": "1"
  },
  {
    "id": "194",
    "name": "10.49.148.131",
    "itemStyle": null,
    "symbolSize": 16.38252271016342,
    "x": 552,
    "y": 350,
    "attributes": {
      "modularity_class": 1
    },
    "value": "85434",
    "label": {
      "show": true
    },
    "category": "1"
  },
  {
    "id": "195",
    "name": "10.49.174.157",
    "itemStyle": null,
    "symbolSize": 8.851749041416058,
    "x": 426,
    "y": 300,
    "attributes": {
      "modularity_class": 2
    },
    "value": "462",
    "label": {
      "show": true
    },
    "category": "2"
  },
  {
    "id": "196",
    "name": "220.181.159.2",
    "itemStyle": null,
    "symbolSize": 4.700439718141092,
    "x": 488,
    "y": 425,
    "attributes": {
      "modularity_class": 3
    },
    "value": "26",
    "label": {
      "show": true
    },
    "category": "3"
  },
  {
    "id": "197",
    "name": "220.181.14.167",
    "itemStyle": null,
    "symbolSize": 0,
    "x": 362,
    "y": 465,
    "attributes": {
      "modularity_class": 3
    },
    "value": "1",
    "label": {
      "show": true
    },
    "category": "3"
  },
  {
    "id": "198",
    "name": "10.49.253.127",
    "itemStyle": null,
    "symbolSize": 6.022367813028454,
    "x": 592,
    "y": 331,
    "attributes": {
      "modularity_class": 3
    },
    "value": "65",
    "label": {
      "show": true
    },
    "category": "3"
  },
  {
    "id": "199",
    "name": "10.49.253.15",
    "itemStyle": null,
    "symbolSize": 2.807354922057604,
    "x": 516,
    "y": 312,
    "attributes": {
      "modularity_class": 3
    },
    "value": "7",
    "label": {
      "show": true
    },
    "category": "3"
  },
  {
    "id": "200",
    "name": "10.49.217.3",
    "itemStyle": null,
    "symbolSize": 6.977279923499917,
    "x": 419,
    "y": 446,
    "attributes": {
      "modularity_class": 3
    },
    "value": "126",
    "label": {
      "show": true
    },
    "category": "3"
  },
  {
    "id": "201",
    "name": "10.49.137.141",
    "itemStyle": null,
    "symbolSize": 9.052568050804153,
    "x": 470,
    "y": 340,
    "attributes": {
      "modularity_class": 3
    },
    "value": "531",
    "label": {
      "show": true
    },
    "category": "3"
  },
  {
    "id": "202",
    "name": "10.24.249.104",
    "itemStyle": null,
    "symbolSize": 17.321980926990328,
    "x": 577,
    "y": 406,
    "attributes": {
      "modularity_class": 4
    },
    "value": "163846",
    "label": {
      "show": true
    },
    "category": "4"
  }
],
	"links":[
  {
    "id": 0,
    "name": null,
    "source": "0",
    "target": "5",
    "lineStyle": {
      "normal": {}
    }
  },
  {
    "id": 1,
    "name": null,
    "source": "0",
    "target": "6",
    "lineStyle": {
      "normal": {}
    }
  },
  {
    "id": 2,
    "name": null,
    "source": "0",
    "target": "7",
    "lineStyle": {
      "normal": {}
    }
  },
  {
    "id": 3,
    "name": null,
    "source": "0",
    "target": "8",
    "lineStyle": {
      "normal": {}
    }
  },
  {
    "id": 4,
    "name": null,
    "source": "0",
    "target": "9",
    "lineStyle": {
      "normal": {}
    }
  },
  {
    "id": 5,
    "name": null,
    "source": "0",
    "target": "10",
    "lineStyle": {
      "normal": {}
    }
  },
  {
    "id": 6,
    "name": null,
    "source": "0",
    "target": "11",
    "lineStyle": {
      "normal": {}
    }
  },
  {
    "id": 7,
    "name": null,
    "source": "0",
    "target": "12",
    "lineStyle": {
      "normal": {}
    }
  },
  {
    "id": 8,
    "name": null,
    "source": "0",
    "target": "13",
    "lineStyle": {
      "normal": {}
    }
  },
  {
    "id": 9,
    "name": null,
    "source": "0",
    "target": "14",
    "lineStyle": {
      "normal": {}
    }
  },
  {
    "id": 10,
    "name": null,
    "source": "0",
    "target": "15",
    "lineStyle": {
      "normal": {}
    }
  },
  {
    "id": 11,
    "name": null,
    "source": "0",
    "target": "16",
    "lineStyle": {
      "normal": {}
    }
  },
  {
    "id": 12,
    "name": null,
    "source": "0",
    "target": "17",
    "lineStyle": {
      "normal": {}
    }
  },
  {
    "id": 13,
    "name": null,
    "source": "0",
    "target": "18",
    "lineStyle": {
      "normal": {}
    }
  },
  {
    "id": 14,
    "name": null,
    "source": "0",
    "target": "19",
    "lineStyle": {
      "normal": {}
    }
  },
  {
    "id": 15,
    "name": null,
    "source": "0",
    "target": "20",
    "lineStyle": {
      "normal": {}
    }
  },
  {
    "id": 16,
    "name": null,
    "source": "0",
    "target": "21",
    "lineStyle": {
      "normal": {}
    }
  },
  {
    "id": 17,
    "name": null,
    "source": "0",
    "target": "22",
    "lineStyle": {
      "normal": {}
    }
  },
  {
    "id": 18,
    "name": null,
    "source": "0",
    "target": "23",
    "lineStyle": {
      "normal": {}
    }
  },
  {
    "id": 19,
    "name": null,
    "source": "0",
    "target": "24",
    "lineStyle": {
      "normal": {}
    }
  },
  {
    "id": 20,
    "name": null,
    "source": "0",
    "target": "25",
    "lineStyle": {
      "normal": {}
    }
  },
  {
    "id": 21,
    "name": null,
    "source": "0",
    "target": "26",
    "lineStyle": {
      "normal": {}
    }
  },
  {
    "id": 22,
    "name": null,
    "source": "0",
    "target": "27",
    "lineStyle": {
      "normal": {}
    }
  },
  {
    "id": 23,
    "name": null,
    "source": "0",
    "target": "28",
    "lineStyle": {
      "normal": {}
    }
  },
  {
    "id": 24,
    "name": null,
    "source": "0",
    "target": "29",
    "lineStyle": {
      "normal": {}
    }
  },
  {
    "id": 25,
    "name": null,
    "source": "0",
    "target": "30",
    "lineStyle": {
      "normal": {}
    }
  },
  {
    "id": 26,
    "name": null,
    "source": "0",
    "target": "31",
    "lineStyle": {
      "normal": {}
    }
  },
  {
    "id": 27,
    "name": null,
    "source": "0",
    "target": "32",
    "lineStyle": {
      "normal": {}
    }
  },
  {
    "id": 28,
    "name": null,
    "source": "0",
    "target": "33",
    "lineStyle": {
      "normal": {}
    }
  },
  {
    "id": 29,
    "name": null,
    "source": "0",
    "target": "34",
    "lineStyle": {
      "normal": {}
    }
  },
  {
    "id": 30,
    "name": null,
    "source": "0",
    "target": "35",
    "lineStyle": {
      "normal": {}
    }
  },
  {
    "id": 31,
    "name": null,
    "source": "0",
    "target": "36",
    "lineStyle": {
      "normal": {}
    }
  },
  {
    "id": 32,
    "name": null,
    "source": "0",
    "target": "37",
    "lineStyle": {
      "normal": {}
    }
  },
  {
    "id": 33,
    "name": null,
    "source": "0",
    "target": "38",
    "lineStyle": {
      "normal": {}
    }
  },
  {
    "id": 34,
    "name": null,
    "source": "0",
    "target": "39",
    "lineStyle": {
      "normal": {}
    }
  },
  {
    "id": 35,
    "name": null,
    "source": "0",
    "target": "40",
    "lineStyle": {
      "normal": {}
    }
  },
  {
    "id": 36,
    "name": null,
    "source": "0",
    "target": "41",
    "lineStyle": {
      "normal": {}
    }
  },
  {
    "id": 37,
    "name": null,
    "source": "0",
    "target": "42",
    "lineStyle": {
      "normal": {}
    }
  },
  {
    "id": 38,
    "name": null,
    "source": "0",
    "target": "43",
    "lineStyle": {
      "normal": {}
    }
  },
  {
    "id": 39,
    "name": null,
    "source": "0",
    "target": "44",
    "lineStyle": {
      "normal": {}
    }
  },
  {
    "id": 40,
    "name": null,
    "source": "0",
    "target": "45",
    "lineStyle": {
      "normal": {}
    }
  },
  {
    "id": 41,
    "name": null,
    "source": "0",
    "target": "46",
    "lineStyle": {
      "normal": {}
    }
  },
  {
    "id": 42,
    "name": null,
    "source": "0",
    "target": "47",
    "lineStyle": {
      "normal": {}
    }
  },
  {
    "id": 43,
    "name": null,
    "source": "0",
    "target": "48",
    "lineStyle": {
      "normal": {}
    }
  },
  {
    "id": 44,
    "name": null,
    "source": "0",
    "target": "49",
    "lineStyle": {
      "normal": {}
    }
  },
  {
    "id": 45,
    "name": null,
    "source": "0",
    "target": "50",
    "lineStyle": {
      "normal": {}
    }
  },
  {
    "id": 46,
    "name": null,
    "source": "0",
    "target": "51",
    "lineStyle": {
      "normal": {}
    }
  },
  {
    "id": 47,
    "name": null,
    "source": "0",
    "target": "52",
    "lineStyle": {
      "normal": {}
    }
  },
  {
    "id": 48,
    "name": null,
    "source": "0",
    "target": "53",
    "lineStyle": {
      "normal": {}
    }
  },
  {
    "id": 49,
    "name": null,
    "source": "0",
    "target": "54",
    "lineStyle": {
      "normal": {}
    }
  },
  {
    "id": 50,
    "name": null,
    "source": "0",
    "target": "55",
    "lineStyle": {
      "normal": {}
    }
  },
  {
    "id": 51,
    "name": null,
    "source": "0",
    "target": "56",
    "lineStyle": {
      "normal": {}
    }
  },
  {
    "id": 52,
    "name": null,
    "source": "0",
    "target": "57",
    "lineStyle": {
      "normal": {}
    }
  },
  {
    "id": 53,
    "name": null,
    "source": "0",
    "target": "58",
    "lineStyle": {
      "normal": {}
    }
  },
  {
    "id": 54,
    "name": null,
    "source": "0",
    "target": "59",
    "lineStyle": {
      "normal": {}
    }
  },
  {
    "id": 55,
    "name": null,
    "source": "0",
    "target": "60",
    "lineStyle": {
      "normal": {}
    }
  },
  {
    "id": 56,
    "name": null,
    "source": "0",
    "target": "61",
    "lineStyle": {
      "normal": {}
    }
  },
  {
    "id": 57,
    "name": null,
    "source": "0",
    "target": "62",
    "lineStyle": {
      "normal": {}
    }
  },
  {
    "id": 58,
    "name": null,
    "source": "0",
    "target": "63",
    "lineStyle": {
      "normal": {}
    }
  },
  {
    "id": 59,
    "name": null,
    "source": "0",
    "target": "64",
    "lineStyle": {
      "normal": {}
    }
  },
  {
    "id": 60,
    "name": null,
    "source": "0",
    "target": "65",
    "lineStyle": {
      "normal": {}
    }
  },
  {
    "id": 61,
    "name": null,
    "source": "0",
    "target": "66",
    "lineStyle": {
      "normal": {}
    }
  },
  {
    "id": 62,
    "name": null,
    "source": "0",
    "target": "67",
    "lineStyle": {
      "normal": {}
    }
  },
  {
    "id": 63,
    "name": null,
    "source": "0",
    "target": "68",
    "lineStyle": {
      "normal": {}
    }
  },
  {
    "id": 64,
    "name": null,
    "source": "0",
    "target": "69",
    "lineStyle": {
      "normal": {}
    }
  },
  {
    "id": 65,
    "name": null,
    "source": "0",
    "target": "70",
    "lineStyle": {
      "normal": {}
    }
  },
  {
    "id": 66,
    "name": null,
    "source": "0",
    "target": "71",
    "lineStyle": {
      "normal": {}
    }
  },
  {
    "id": 67,
    "name": null,
    "source": "0",
    "target": "72",
    "lineStyle": {
      "normal": {}
    }
  },
  {
    "id": 68,
    "name": null,
    "source": "0",
    "target": "73",
    "lineStyle": {
      "normal": {}
    }
  },
  {
    "id": 69,
    "name": null,
    "source": "0",
    "target": "74",
    "lineStyle": {
      "normal": {}
    }
  },
  {
    "id": 70,
    "name": null,
    "source": "0",
    "target": "75",
    "lineStyle": {
      "normal": {}
    }
  },
  {
    "id": 71,
    "name": null,
    "source": "0",
    "target": "76",
    "lineStyle": {
      "normal": {}
    }
  },
  {
    "id": 72,
    "name": null,
    "source": "0",
    "target": "77",
    "lineStyle": {
      "normal": {}
    }
  },
  {
    "id": 73,
    "name": null,
    "source": "0",
    "target": "78",
    "lineStyle": {
      "normal": {}
    }
  },
  {
    "id": 74,
    "name": null,
    "source": "0",
    "target": "79",
    "lineStyle": {
      "normal": {}
    }
  },
  {
    "id": 75,
    "name": null,
    "source": "0",
    "target": "80",
    "lineStyle": {
      "normal": {}
    }
  },
  {
    "id": 76,
    "name": null,
    "source": "0",
    "target": "81",
    "lineStyle": {
      "normal": {}
    }
  },
  {
    "id": 77,
    "name": null,
    "source": "0",
    "target": "82",
    "lineStyle": {
      "normal": {}
    }
  },
  {
    "id": 78,
    "name": null,
    "source": "0",
    "target": "83",
    "lineStyle": {
      "normal": {}
    }
  },
  {
    "id": 79,
    "name": null,
    "source": "0",
    "target": "84",
    "lineStyle": {
      "normal": {}
    }
  },
  {
    "id": 80,
    "name": null,
    "source": "0",
    "target": "85",
    "lineStyle": {
      "normal": {}
    }
  },
  {
    "id": 81,
    "name": null,
    "source": "0",
    "target": "86",
    "lineStyle": {
      "normal": {}
    }
  },
  {
    "id": 82,
    "name": null,
    "source": "0",
    "target": "87",
    "lineStyle": {
      "normal": {}
    }
  },
  {
    "id": 83,
    "name": null,
    "source": "0",
    "target": "88",
    "lineStyle": {
      "normal": {}
    }
  },
  {
    "id": 84,
    "name": null,
    "source": "0",
    "target": "89",
    "lineStyle": {
      "normal": {}
    }
  },
  {
    "id": 85,
    "name": null,
    "source": "0",
    "target": "90",
    "lineStyle": {
      "normal": {}
    }
  },
  {
    "id": 86,
    "name": null,
    "source": "0",
    "target": "91",
    "lineStyle": {
      "normal": {}
    }
  },
  {
    "id": 87,
    "name": null,
    "source": "0",
    "target": "92",
    "lineStyle": {
      "normal": {}
    }
  },
  {
    "id": 88,
    "name": null,
    "source": "0",
    "target": "93",
    "lineStyle": {
      "normal": {}
    }
  },
  {
    "id": 89,
    "name": null,
    "source": "0",
    "target": "94",
    "lineStyle": {
      "normal": {}
    }
  },
  {
    "id": 90,
    "name": null,
    "source": "0",
    "target": "95",
    "lineStyle": {
      "normal": {}
    }
  },
  {
    "id": 91,
    "name": null,
    "source": "0",
    "target": "96",
    "lineStyle": {
      "normal": {}
    }
  },
  {
    "id": 92,
    "name": null,
    "source": "0",
    "target": "97",
    "lineStyle": {
      "normal": {}
    }
  },
  {
    "id": 93,
    "name": null,
    "source": "0",
    "target": "98",
    "lineStyle": {
      "normal": {}
    }
  },
  {
    "id": 94,
    "name": null,
    "source": "0",
    "target": "99",
    "lineStyle": {
      "normal": {}
    }
  },
  {
    "id": 95,
    "name": null,
    "source": "0",
    "target": "100",
    "lineStyle": {
      "normal": {}
    }
  },
  {
    "id": 96,
    "name": null,
    "source": "0",
    "target": "101",
    "lineStyle": {
      "normal": {}
    }
  },
  {
    "id": 97,
    "name": null,
    "source": "0",
    "target": "102",
    "lineStyle": {
      "normal": {}
    }
  },
  {
    "id": 98,
    "name": null,
    "source": "0",
    "target": "103",
    "lineStyle": {
      "normal": {}
    }
  },
  {
    "id": 99,
    "name": null,
    "source": "0",
    "target": "104",
    "lineStyle": {
      "normal": {}
    }
  },
  {
    "id": 100,
    "name": null,
    "source": "0",
    "target": "105",
    "lineStyle": {
      "normal": {}
    }
  },
  {
    "id": 101,
    "name": null,
    "source": "0",
    "target": "106",
    "lineStyle": {
      "normal": {}
    }
  },
  {
    "id": 102,
    "name": null,
    "source": "0",
    "target": "107",
    "lineStyle": {
      "normal": {}
    }
  },
  {
    "id": 103,
    "name": null,
    "source": "0",
    "target": "108",
    "lineStyle": {
      "normal": {}
    }
  },
  {
    "id": 104,
    "name": null,
    "source": "0",
    "target": "109",
    "lineStyle": {
      "normal": {}
    }
  },
  {
    "id": 105,
    "name": null,
    "source": "0",
    "target": "110",
    "lineStyle": {
      "normal": {}
    }
  },
  {
    "id": 106,
    "name": null,
    "source": "0",
    "target": "111",
    "lineStyle": {
      "normal": {}
    }
  },
  {
    "id": 107,
    "name": null,
    "source": "0",
    "target": "112",
    "lineStyle": {
      "normal": {}
    }
  },
  {
    "id": 108,
    "name": null,
    "source": "0",
    "target": "113",
    "lineStyle": {
      "normal": {}
    }
  },
  {
    "id": 109,
    "name": null,
    "source": "0",
    "target": "114",
    "lineStyle": {
      "normal": {}
    }
  },
  {
    "id": 110,
    "name": null,
    "source": "0",
    "target": "115",
    "lineStyle": {
      "normal": {}
    }
  },
  {
    "id": 111,
    "name": null,
    "source": "0",
    "target": "116",
    "lineStyle": {
      "normal": {}
    }
  },
  {
    "id": 112,
    "name": null,
    "source": "0",
    "target": "117",
    "lineStyle": {
      "normal": {}
    }
  },
  {
    "id": 113,
    "name": null,
    "source": "0",
    "target": "118",
    "lineStyle": {
      "normal": {}
    }
  },
  {
    "id": 114,
    "name": null,
    "source": "0",
    "target": "119",
    "lineStyle": {
      "normal": {}
    }
  },
  {
    "id": 115,
    "name": null,
    "source": "0",
    "target": "120",
    "lineStyle": {
      "normal": {}
    }
  },
  {
    "id": 116,
    "name": null,
    "source": "0",
    "target": "121",
    "lineStyle": {
      "normal": {}
    }
  },
  {
    "id": 117,
    "name": null,
    "source": "0",
    "target": "122",
    "lineStyle": {
      "normal": {}
    }
  },
  {
    "id": 118,
    "name": null,
    "source": "0",
    "target": "123",
    "lineStyle": {
      "normal": {}
    }
  },
  {
    "id": 119,
    "name": null,
    "source": "0",
    "target": "124",
    "lineStyle": {
      "normal": {}
    }
  },
  {
    "id": 120,
    "name": null,
    "source": "0",
    "target": "125",
    "lineStyle": {
      "normal": {}
    }
  },
  {
    "id": 121,
    "name": null,
    "source": "0",
    "target": "126",
    "lineStyle": {
      "normal": {}
    }
  },
  {
    "id": 122,
    "name": null,
    "source": "0",
    "target": "127",
    "lineStyle": {
      "normal": {}
    }
  },
  {
    "id": 123,
    "name": null,
    "source": "0",
    "target": "128",
    "lineStyle": {
      "normal": {}
    }
  },
  {
    "id": 124,
    "name": null,
    "source": "0",
    "target": "129",
    "lineStyle": {
      "normal": {}
    }
  },
  {
    "id": 125,
    "name": null,
    "source": "0",
    "target": "130",
    "lineStyle": {
      "normal": {}
    }
  },
  {
    "id": 126,
    "name": null,
    "source": "0",
    "target": "131",
    "lineStyle": {
      "normal": {}
    }
  },
  {
    "id": 127,
    "name": null,
    "source": "0",
    "target": "132",
    "lineStyle": {
      "normal": {}
    }
  },
  {
    "id": 128,
    "name": null,
    "source": "0",
    "target": "133",
    "lineStyle": {
      "normal": {}
    }
  },
  {
    "id": 129,
    "name": null,
    "source": "0",
    "target": "134",
    "lineStyle": {
      "normal": {}
    }
  },
  {
    "id": 130,
    "name": null,
    "source": "0",
    "target": "135",
    "lineStyle": {
      "normal": {}
    }
  },
  {
    "id": 131,
    "name": null,
    "source": "0",
    "target": "136",
    "lineStyle": {
      "normal": {}
    }
  },
  {
    "id": 132,
    "name": null,
    "source": "0",
    "target": "137",
    "lineStyle": {
      "normal": {}
    }
  },
  {
    "id": 133,
    "name": null,
    "source": "0",
    "target": "138",
    "lineStyle": {
      "normal": {}
    }
  },
  {
    "id": 134,
    "name": null,
    "source": "0",
    "target": "139",
    "lineStyle": {
      "normal": {}
    }
  },
  {
    "id": 135,
    "name": null,
    "source": "0",
    "target": "140",
    "lineStyle": {
      "normal": {}
    }
  },
  {
    "id": 136,
    "name": null,
    "source": "0",
    "target": "141",
    "lineStyle": {
      "normal": {}
    }
  },
  {
    "id": 137,
    "name": null,
    "source": "0",
    "target": "142",
    "lineStyle": {
      "normal": {}
    }
  },
  {
    "id": 138,
    "name": null,
    "source": "0",
    "target": "143",
    "lineStyle": {
      "normal": {}
    }
  },
  {
    "id": 139,
    "name": null,
    "source": "0",
    "target": "144",
    "lineStyle": {
      "normal": {}
    }
  },
  {
    "id": 140,
    "name": null,
    "source": "0",
    "target": "145",
    "lineStyle": {
      "normal": {}
    }
  },
  {
    "id": 141,
    "name": null,
    "source": "0",
    "target": "146",
    "lineStyle": {
      "normal": {}
    }
  },
  {
    "id": 142,
    "name": null,
    "source": "0",
    "target": "147",
    "lineStyle": {
      "normal": {}
    }
  },
  {
    "id": 143,
    "name": null,
    "source": "0",
    "target": "148",
    "lineStyle": {
      "normal": {}
    }
  },
  {
    "id": 144,
    "name": null,
    "source": "0",
    "target": "149",
    "lineStyle": {
      "normal": {}
    }
  },
  {
    "id": 145,
    "name": null,
    "source": "0",
    "target": "150",
    "lineStyle": {
      "normal": {}
    }
  },
  {
    "id": 146,
    "name": null,
    "source": "0",
    "target": "151",
    "lineStyle": {
      "normal": {}
    }
  },
  {
    "id": 147,
    "name": null,
    "source": "0",
    "target": "152",
    "lineStyle": {
      "normal": {}
    }
  },
  {
    "id": 148,
    "name": null,
    "source": "0",
    "target": "153",
    "lineStyle": {
      "normal": {}
    }
  },
  {
    "id": 149,
    "name": null,
    "source": "0",
    "target": "154",
    "lineStyle": {
      "normal": {}
    }
  },
  {
    "id": 150,
    "name": null,
    "source": "0",
    "target": "155",
    "lineStyle": {
      "normal": {}
    }
  },
  {
    "id": 151,
    "name": null,
    "source": "0",
    "target": "156",
    "lineStyle": {
      "normal": {}
    }
  },
  {
    "id": 152,
    "name": null,
    "source": "0",
    "target": "157",
    "lineStyle": {
      "normal": {}
    }
  },
  {
    "id": 153,
    "name": null,
    "source": "0",
    "target": "158",
    "lineStyle": {
      "normal": {}
    }
  },
  {
    "id": 154,
    "name": null,
    "source": "0",
    "target": "159",
    "lineStyle": {
      "normal": {}
    }
  },
  {
    "id": 155,
    "name": null,
    "source": "0",
    "target": "160",
    "lineStyle": {
      "normal": {}
    }
  },
  {
    "id": 156,
    "name": null,
    "source": "0",
    "target": "161",
    "lineStyle": {
      "normal": {}
    }
  },
  {
    "id": 157,
    "name": null,
    "source": "0",
    "target": "162",
    "lineStyle": {
      "normal": {}
    }
  },
  {
    "id": 158,
    "name": null,
    "source": "0",
    "target": "163",
    "lineStyle": {
      "normal": {}
    }
  },
  {
    "id": 159,
    "name": null,
    "source": "0",
    "target": "164",
    "lineStyle": {
      "normal": {}
    }
  },
  {
    "id": 160,
    "name": null,
    "source": "0",
    "target": "165",
    "lineStyle": {
      "normal": {}
    }
  },
  {
    "id": 161,
    "name": null,
    "source": "0",
    "target": "166",
    "lineStyle": {
      "normal": {}
    }
  },
  {
    "id": 162,
    "name": null,
    "source": "0",
    "target": "167",
    "lineStyle": {
      "normal": {}
    }
  },
  {
    "id": 163,
    "name": null,
    "source": "0",
    "target": "168",
    "lineStyle": {
      "normal": {}
    }
  },
  {
    "id": 164,
    "name": null,
    "source": "0",
    "target": "169",
    "lineStyle": {
      "normal": {}
    }
  },
  {
    "id": 165,
    "name": null,
    "source": "0",
    "target": "170",
    "lineStyle": {
      "normal": {}
    }
  },
  {
    "id": 166,
    "name": null,
    "source": "0",
    "target": "171",
    "lineStyle": {
      "normal": {}
    }
  },
  {
    "id": 167,
    "name": null,
    "source": "0",
    "target": "172",
    "lineStyle": {
      "normal": {}
    }
  },
  {
    "id": 168,
    "name": null,
    "source": "0",
    "target": "173",
    "lineStyle": {
      "normal": {}
    }
  },
  {
    "id": 169,
    "name": null,
    "source": "0",
    "target": "174",
    "lineStyle": {
      "normal": {}
    }
  },
  {
    "id": 170,
    "name": null,
    "source": "0",
    "target": "175",
    "lineStyle": {
      "normal": {}
    }
  },
  {
    "id": 171,
    "name": null,
    "source": "0",
    "target": "176",
    "lineStyle": {
      "normal": {}
    }
  },
  {
    "id": 172,
    "name": null,
    "source": "0",
    "target": "177",
    "lineStyle": {
      "normal": {}
    }
  },
  {
    "id": 173,
    "name": null,
    "source": "0",
    "target": "178",
    "lineStyle": {
      "normal": {}
    }
  },
  {
    "id": 174,
    "name": null,
    "source": "0",
    "target": "179",
    "lineStyle": {
      "normal": {}
    }
  },
  {
    "id": 175,
    "name": null,
    "source": "0",
    "target": "180",
    "lineStyle": {
      "normal": {}
    }
  },
  {
    "id": 176,
    "name": null,
    "source": "0",
    "target": "181",
    "lineStyle": {
      "normal": {}
    }
  },
  {
    "id": 177,
    "name": null,
    "source": "0",
    "target": "182",
    "lineStyle": {
      "normal": {}
    }
  },
  {
    "id": 178,
    "name": null,
    "source": "0",
    "target": "183",
    "lineStyle": {
      "normal": {}
    }
  },
  {
    "id": 179,
    "name": null,
    "source": "0",
    "target": "184",
    "lineStyle": {
      "normal": {}
    }
  },
  {
    "id": 180,
    "name": null,
    "source": "0",
    "target": "185",
    "lineStyle": {
      "normal": {}
    }
  },
  {
    "id": 181,
    "name": null,
    "source": "0",
    "target": "186",
    "lineStyle": {
      "normal": {}
    }
  },
  {
    "id": 182,
    "name": null,
    "source": "0",
    "target": "187",
    "lineStyle": {
      "normal": {}
    }
  },
  {
    "id": 183,
    "name": null,
    "source": "0",
    "target": "188",
    "lineStyle": {
      "normal": {}
    }
  },
  {
    "id": 184,
    "name": null,
    "source": "1",
    "target": "189",
    "lineStyle": {
      "normal": {}
    }
  },
  {
    "id": 185,
    "name": null,
    "source": "1",
    "target": "190",
    "lineStyle": {
      "normal": {}
    }
  },
  {
    "id": 186,
    "name": null,
    "source": "1",
    "target": "191",
    "lineStyle": {
      "normal": {}
    }
  },
  {
    "id": 187,
    "name": null,
    "source": "1",
    "target": "192",
    "lineStyle": {
      "normal": {}
    }
  },
  {
    "id": 188,
    "name": null,
    "source": "1",
    "target": "193",
    "lineStyle": {
      "normal": {}
    }
  },
  {
    "id": 189,
    "name": null,
    "source": "1",
    "target": "194",
    "lineStyle": {
      "normal": {}
    }
  },
  {
    "id": 190,
    "name": null,
    "source": "2",
    "target": "195",
    "lineStyle": {
      "normal": {}
    }
  },
  {
    "id": 191,
    "name": null,
    "source": "3",
    "target": "196",
    "lineStyle": {
      "normal": {}
    }
  },
  {
    "id": 192,
    "name": null,
    "source": "3",
    "target": "197",
    "lineStyle": {
      "normal": {}
    }
  },
  {
    "id": 193,
    "name": null,
    "source": "3",
    "target": "198",
    "lineStyle": {
      "normal": {}
    }
  },
  {
    "id": 194,
    "name": null,
    "source": "3",
    "target": "199",
    "lineStyle": {
      "normal": {}
    }
  },
  {
    "id": 195,
    "name": null,
    "source": "3",
    "target": "200",
    "lineStyle": {
      "normal": {}
    }
  },
  {
    "id": 196,
    "name": null,
    "source": "3",
    "target": "201",
    "lineStyle": {
      "normal": {}
    }
  },
  {
    "id": 197,
    "name": null,
    "source": "4",
    "target": "202",
    "lineStyle": {
      "normal": {}
    }
  }
]
}