{
"dataCloud":[
{"name": "云图","value": "200"},
{"name": "是个啥","value": "156"},
{"name": "他啥都不是","value": "122"},
{"name": "就是他呆子","value": "119"},
{"name": "傻子和疯子","value": "108"},
{"name": "营养快线","value": "101"},
{"name": "哈哈哈到家","value": "96"},
{"name": "瑞士军刀","value": "84"},
{"name": "DW情侣对表","value": "58"},
{"name": "清风抽纸","value": "55"},
{"name": "OPPO R9S","value": "46"},
{"name": "这一刻更清晰","value": "28"},
{"name": "呵呵旧宫style","value": "27"},
{"name": "债券评级","value": "26"}]
}
