time,up,down
0:00,20230,24514
0:01,20060,24308
0:02,20230,24514
0:03,20230,24514
0:04,20060,24308
0:05,20230,24514
0:06,20060,24308
0:07,20230,24514
0:08,20230,24514
0:09,20060,24308
0:10,20230,24514
0:11,20230,24514
0:12,20060,24308
0:13,20230,24514
0:14,20060,24308
0:15,20230,24514
0:16,20230,24514
0:17,20060,24308
0:18,20230,24514
0:19,20230,24514
0:20,20060,24308
0:21,20230,24514
0:22,20230,24514
0:23,20060,24308
0:24,20230,24514
0:25,20230,24514
0:26,20060,24308
0:27,20230,24514
0:28,20060,24308
0:29,20230,24514
0:30,20230,24514
0:31,20060,24308
0:32,20230,24514
0:33,20230,24514
0:34,20060,24308
0:35,20230,24401
0:36,20230,24514
0:37,20060,24308
0:38,20230,24514
0:39,20230,24514
0:40,20060,24308
0:41,20230,24514
0:42,20230,24514
0:43,20060,24308
0:44,20230,24514
0:45,20060,24308
0:46,20230,24514
0:47,20230,24514
0:48,20060,24308
0:49,20230,24514
0:50,20230,24514
0:51,20060,24308
0:52,20400,24720
0:53,20570,24926
0:54,20060,24308
0:55,21760,26368
0:56,20740,25132
0:57,21080,25544
0:58,20400,24720
0:59,21080,25544
1:00,20910,25236
1:01,20060,24308
1:02,20230,24514
1:03,20230,24514
1:04,20060,24308
1:05,20230,24514
1:06,20570,24926
1:07,20570,24926
1:08,20230,24514
1:09,20400,24618
1:10,20740,24926
1:11,20230,24514
1:12,20060,24308
1:13,20740,25132
1:14,21590,26162
1:15,21250,25750
1:16,20910,25338
1:17,21250,25750
1:18,20910,25338
1:19,20230,24514
1:20,20230,24514
1:21,20060,24308
1:22,20230,24514
1:23,20230,24514
1:24,20060,24308
1:25,20230,24514
1:26,20060,24308
1:27,20230,24514
1:28,20230,24514
1:29,20060,24308
1:30,20230,24514
1:31,20740,25132
1:32,21420,25956
1:33,21590,26162
1:34,21250,25750
1:35,21080,25544
1:36,21420,25956
1:37,21420,25865
1:38,20570,24926
1:39,21420,25956
1:40,20910,25338
1:41,21080,25544
1:42,21250,25750
1:43,21080,25544
1:44,20740,25132
1:45,21080,25544
1:46,21590,26162
1:47,21420,25956
1:48,21080,25544
1:49,21250,25750
1:50,21250,25750
1:51,21420,25956
1:52,21760,26368
1:53,21250,25750
1:54,21080,25544
1:55,20400,24720
1:56,20230,24514
1:57,20060,24308
1:58,20230,24514
1:59,20570,24926
2:00,21080,25544
2:01,21250,25750
2:02,21080,25544
2:03,20910,25338
2:04,21590,26162
2:05,20230,24514
2:06,20230,24514
2:07,20230,24514
2:08,20060,24308
2:09,21420,25956
2:10,20740,25132
2:11,21080,25544
2:12,21590,26162
2:13,20740,25132
2:14,20400,24720
2:15,22780,27604
2:16,21760,26368
2:17,21080,25544
2:18,20740,25132
2:19,22440,27192
2:20,21250,25750
2:21,20740,25132
2:22,20570,24926
2:23,21080,25544
2:24,20400,24720
2:25,21420,25956
2:26,21080,25544
2:27,20400,24720
2:28,20230,24514
2:29,20060,24308
2:30,20230,24514
2:31,20230,24514
2:32,20060,24308
2:33,20230,24514
2:34,20230,24514
2:35,20060,24308
2:36,20230,24514
2:37,20230,24514
2:38,20060,24308
2:39,20230,24514
2:40,20060,24308
2:41,20230,24514
2:42,20230,24514
2:43,19890,24102
2:44,20230,24514
2:45,20230,24401
2:46,20060,24308
2:47,20230,24514
2:48,20230,24514
2:49,20060,24308
2:50,20230,24514
2:51,20230,24514
2:52,20060,24308
2:53,20230,24514
2:54,20060,24308
2:55,20230,24514
2:56,20230,24514
2:57,20060,24308
2:58,20230,24514
2:59,20230,24514
3:00,20060,24308
3:01,20230,24514
3:02,20230,24514
3:03,20060,24308
3:04,20230,24514
3:05,20060,24308
3:06,20230,24514
3:07,20230,24514
3:08,20060,24308
3:09,20230,24514
3:10,20060,24308
3:11,20230,24514
3:12,20230,24514
3:13,20060,24308
3:14,20230,24514
3:15,20230,24514
3:16,20060,24308
3:17,20230,24514
3:18,20060,24228
3:19,20230,24514
3:20,20230,24514
3:21,20060,24308
3:22,20230,24514
3:23,20230,24514
3:24,20060,24308
3:25,20230,24514
3:26,20230,24514
3:27,20570,24926
3:28,21080,25544
3:29,22100,26780
3:30,20400,24720
3:31,20230,24514
3:32,20060,24308
3:33,20230,24514
3:34,20230,24514
3:35,20060,24308
3:36,20230,24514
3:37,20060,24308
3:38,20230,24514
3:39,20230,24514
3:40,20060,24308
3:41,20910,25338
3:42,20910,25338
3:43,20910,25338
3:44,21080,25544
3:45,20230,24514
3:46,20060,24308
3:47,20400,24720
3:48,21590,26162
3:49,20230,24514
3:50,20230,24514
3:51,20230,24514
3:52,20060,24308
3:53,20230,24514
3:54,20060,24308
3:55,20230,24514
3:56,20230,24514
3:57,20060,24308
3:58,20230,24514
3:59,20230,24514
4:00,20400,24720
4:01,20740,25132
4:02,20060,24308
4:03,20230,24514
4:04,20230,24514
4:05,20060,24308
4:06,20230,24514
4:07,20230,24514
4:08,20060,24308
4:09,20230,24514
4:10,20060,24308
4:11,20230,24514
4:12,20230,24514
4:13,20060,24308
4:14,20230,24514
4:15,20230,24514
4:16,20060,24308
4:17,20230,24514
4:18,20910,25338
4:19,21590,26162
4:20,21250,25750
4:21,20570,24926
4:22,20740,25132
4:23,20910,25338
4:24,20910,25338
4:25,21250,25750
4:26,20570,24926
4:27,21420,25956
4:28,20740,25132
4:29,20400,24720
4:30,20400,24720
4:31,20230,24514
4:32,20230,24514
4:33,20400,24720
4:34,20910,25338
4:35,20230,24514
4:36,20400,24720
4:37,21080,25544
4:38,20740,25132
4:39,20570,24926
4:40,22100,26780
4:41,20910,25338
4:42,20740,25132
4:43,21080,25544
4:44,20910,25338
4:45,21420,25956
4:46,21080,25544
4:47,21080,25544
4:48,20910,25338
4:49,21760,26368
4:50,20910,25338
4:51,21420,25956
4:52,20570,24926
4:53,21080,25544
4:54,20910,25338
4:55,21250,25750
4:56,21250,25750
4:57,21590,26162
4:58,20060,24308
4:59,20060,24308
5:00,20060,24308
5:01,20230,24514
5:02,20230,24514
5:03,20060,24308
5:04,20230,24514
5:05,20230,24514
5:06,20060,24308
5:07,20230,24514
5:08,20230,24514
5:09,20060,24308
5:10,20230,24514
5:11,20060,24308
5:12,20230,24514
5:13,20230,24514
5:14,20060,24308
5:15,20230,24514
5:16,20230,24514
5:17,19890,24102
5:18,20230,24514
5:19,20060,24308
5:20,20230,24514
5:21,20230,24514
5:22,20060,24308
5:23,20060,24308
5:24,20230,24514
5:25,20060,24308
5:26,20230,24514
5:27,20060,24308
5:28,20230,24514
5:29,20230,24514
5:30,20060,24308
5:31,20230,24514
5:32,20230,24514
5:33,20060,24308
5:34,20230,24514
5:35,20230,24514
5:36,20060,24308
5:37,20230,24514
5:38,20230,24514
5:39,20060,24308
5:40,20230,24514
5:41,20060,24308
5:42,20230,24514
5:43,20230,24514
5:44,20060,24308
5:45,20230,24514
5:46,20230,24514
5:47,20060,24308
5:48,20230,24514
5:49,20230,24514
5:50,20060,24308
5:51,20230,24514
5:52,20060,24308
5:53,20230,24514
5:54,20230,24514
5:55,20060,24308
5:56,20230,24514
5:57,20230,24514
5:58,20060,24308
5:59,20230,24514
6:00,20400,24720
6:01,21420,25956
6:02,21250,25750
6:03,20910,25338
6:04,20400,24720
6:05,20910,25338
6:06,21250,25750
6:07,21760,26368
6:08,21080,25544
6:09,20570,24926
6:10,21590,26162
6:11,21930,26574
6:12,20570,24926
6:13,20570,24926
6:14,21080,25544
6:15,20910,25338
6:16,20570,24926
6:17,21250,25750
6:18,20740,25132
6:19,20230,24514
6:20,20230,24514
6:21,20400,24720
6:22,20570,24926
6:23,20910,25338
6:24,21420,25956
6:25,21080,25544
6:26,21590,26162
6:27,21760,26368
6:28,21930,26574
6:29,20740,25132
6:30,21420,25956
6:31,20910,25338
6:32,21590,26162
6:33,20570,24926
6:34,21420,25956
6:35,20740,25132
6:36,21420,25956
6:37,21590,26162
6:38,20740,25132
6:39,21420,25956
6:40,21420,25956
6:41,20740,25132
6:42,20570,24926
6:43,20230,24514
6:44,20570,24835
6:45,20230,24514
6:46,20230,24514
6:47,20060,24308
6:48,20230,24514
6:49,20230,24514
6:50,20060,24308
6:51,20230,24514
6:52,20230,24514
6:53,20060,24308
6:54,20230,24514
6:55,20060,24308
6:56,20230,24514
6:57,20230,24514
6:58,20060,24308
6:59,20230,24514
7:00,20230,24514
7:01,20060,24184
7:02,20230,24514
7:03,20230,24514
7:04,20230,24514
7:05,20570,24926
7:06,20740,25132
7:07,21250,25626
7:08,20910,25338
7:09,21250,25750
7:10,20910,25338
7:11,20230,24514
7:12,20060,24308
7:13,20230,24514
7:14,20230,24514
7:15,20060,24308
7:16,20230,24514
7:17,20230,24514
7:18,20060,24308
7:19,20230,24514
7:20,20230,24514
7:21,20400,24720
7:22,20230,24514
7:23,20230,24514
7:24,20060,24308
7:25,20230,24514
7:26,20230,24514
7:27,20400,24720
7:28,20400,24720
7:29,20230,24514
7:30,20060,24308
7:31,20400,24720
7:32,21080,25544
7:33,20060,24308
7:34,20400,24720
7:35,20230,24514
7:36,20400,24720
7:37,20230,24514
7:38,20230,24514
7:39,20060,24308
7:40,19804,23978
7:41,20230,24514
7:42,20060,24308
7:43,20230,24514
7:44,20230,24514
7:45,20060,24308
7:46,20230,24514
7:47,20230,24514
7:48,20060,24308
7:49,20230,24514
7:50,20230,24514
7:51,20060,24308
7:52,20230,24514
7:53,20230,24514
7:54,20060,24308
7:55,20230,24434
7:56,20230,24514
7:57,20230,24308
7:58,20060,24308
7:59,20230,24514
8:00,20060,24308
8:01,20230,24514
8:02,20230,24514
8:03,20570,24926
8:04,21420,25956
8:05,20740,25132
8:06,21250,25750
8:07,20230,24514
8:08,20570,24926
8:09,20060,24308
8:10,20230,24514
8:11,20230,24514
8:12,20060,24308
8:13,20230,24514
8:14,20230,24514
8:15,19890,24102
8:16,20230,24514
8:17,20230,24514
8:18,20230,24514
8:19,20060,24308
8:20,20230,24514
8:21,20230,24412
8:22,20060,24308
8:23,20230,24514
8:24,20230,24514
8:25,20060,24308
8:26,20230,24514
8:27,20230,24514
8:28,20060,23931
8:29,20060,24308
8:30,20230,24514
8:31,20060,24308
8:32,20230,24401
8:33,20060,24206
8:34,20230,24308
8:35,20230,24514
8:36,20060,24102
8:37,20230,24514
8:38,20230,24514
8:39,20060,24184
8:40,20060,24308
8:41,20400,24308
8:42,20060,24308
8:43,20740,24906
8:44,20910,25338
8:45,20400,24720
8:46,18870,22866
8:47,20900,25338
8:48,20314,24514
8:49,21065,25453
8:50,20194,24390
8:51,20230,24514
8:52,20230,24514
8:53,19756,23785
8:54,19890,24022
8:55,20230,23798
8:56,20060,24308
8:57,20570,24835
8:58,20740,24928
8:59,20910,25338
9:00,20484,24640
9:01,20534,24403
9:02,20740,25132
9:03,21080,25249
9:04,20570,24403
9:05,20910,25065
9:06,20230,23605
9:07,21250,25216
9:08,21250,24797
9:09,20400,24186
9:10,21080,24848
9:11,20400,24013
9:12,20570,24248
9:13,20910,25112
9:14,21590,26082
9:15,21420,25719
9:16,20910,25041
9:17,21760,25836
9:18,20184,23918
9:19,21080,24724
9:20,21080,25041
9:21,18099,21831
9:22,18711,22562
9:23,17991,21720
9:24,16411,18912
9:25,14290,17448
9:26,20400,24720
9:27,21760,25628
9:28,20740,25132
9:29,20910,25030
9:30,20738,24782
9:31,21250,25351
9:32,21420,25832
9:33,21080,25351
9:34,21286,25526
9:35,20144,24153
9:36,21250,25444
9:37,21013,25238
9:38,20738,24715
9:39,20570,25132
9:40,20060,23785
9:41,21420,26082
9:42,20127,24538
9:43,21164,25626
9:44,20060,24308
9:45,20060,24308
9:46,21204,25546
9:47,20740,25132
9:48,20060,24115
9:49,20400,24720
9:50,20570,24926
9:51,20910,25236
9:52,20824,25123
9:53,13090,15862
9:54,5270,6180
9:55,5440,6386
9:56,3570,4235
9:57,4080,4658
9:58,7990,9365
9:59,8840,10712
10:00,11730,14214
10:01,13600,16254
10:02,17510,20901
10:03,18020,21676
10:04,18700,22660
10:05,20740,25008
10:06,20503,24700
10:07,20570,24640
10:08,20570,24720
10:09,21250,25648
10:10,21590,26071
10:11,21080,25442
10:12,20400,24720
10:13,21080,25431
10:14,20570,24722
10:15,21420,25956
10:16,21420,25730
10:17,19545,23233
10:18,20400,24640
10:19,20570,24711
10:20,20740,24826
10:21,20570,24802
10:22,21760,26153
10:23,20354,24117
10:24,20230,24102
10:25,21798,26018
10:26,20654,25052
10:27,20910,25214
10:28,20740,24835
10:29,20740,24746
10:30,21590,26162
10:31,21420,25750
10:32,20400,24596
10:33,20457,24279
10:34,20570,24720
10:35,21420,25639
10:36,20163,24321
10:37,21760,26266
10:38,21080,25338
10:39,20740,25032
10:40,21250,25659
10:41,20740,24527
10:42,20740,24928
10:43,20060,24184
10:44,17292,20591
10:45,19205,22930
10:46,19258,23087
10:47,19313,23278
10:48,20060,24228
10:49,20400,24412
10:50,20359,24425
10:51,18104,21794
10:52,18570,21773
10:53,19550,23690
10:54,20740,24837
10:55,19607,23364
10:56,20060,24102
10:57,19890,23690
10:58,20400,24348
10:59,20498,24846
11:00,20060,24186
11:01,20328,24587
11:02,20138,24310
11:03,18020,21752
11:04,19720,23714
11:05,20400,24720
11:06,20230,24266
11:07,19550,23530
11:08,20704,24848
11:09,20910,25338
11:10,20457,24529
11:11,22100,26574
11:12,20910,25052
11:13,21250,25750
11:14,19969,24195
11:15,21415,25956
11:16,19890,23887
11:17,20740,25134
11:18,21504,25823
11:19,21080,25464
11:20,21080,25544
11:21,20740,24917
11:22,20910,25134
11:23,21250,25750
11:24,20910,25225
11:25,21080,25544
11:26,21590,26162
11:27,21590,26162
11:28,21250,25455
11:29,21250,25524
11:30,20570,24620
11:31,21250,25750
11:32,21420,25956
11:33,21590,26071
11:34,21590,25936
11:35,20910,25236
11:36,20570,24926
11:37,21674,26164
11:38,21080,25453
11:39,21250,25648
11:40,21760,26368
11:41,20570,24926
11:42,21590,26162
11:43,21250,25544
11:44,20570,25008
11:45,20740,25132
11:46,20570,24926
11:47,21420,25956
11:48,20910,25338
11:49,20230,24412
11:50,20060,24308
11:51,21590,26162
11:52,20910,25338
11:53,20570,24755
11:54,20400,24514
11:55,20740,25132
11:56,20570,24620
11:57,20400,24348
11:58,21590,26162
11:59,20503,24802
12:00,20740,25030
12:01,21250,25750
12:02,20910,25041
12:03,21250,25535
12:04,20740,24939
12:05,20400,24596
12:06,20230,24423
12:07,20230,24095
12:08,20400,24414
12:09,19890,23568
12:10,20400,24505
12:11,20060,24308
12:12,20230,24514
12:13,20060,23816
12:14,20740,24906
12:15,21250,25750
12:16,20060,23978
12:17,21080,25544
12:18,21080,25544
12:19,20060,23889
12:20,20910,25338
12:21,20230,24412
12:22,20184,24186
12:23,21353,25537
12:24,20400,24596
12:25,20230,24308
12:26,21760,26368
12:27,21080,24689
12:28,20740,25030
12:29,21250,25568
12:30,20570,24037
12:31,20740,24620
12:32,20910,25338
12:33,21420,25402
12:34,21250,25670
12:35,20740,25132
12:36,21760,26368
12:37,20740,24961
12:38,21250,25546
12:39,20230,24423
12:40,20098,23922
12:41,19720,23794
12:42,20060,24102
12:43,19890,24102
12:44,19890,24000
12:45,20055,24228
12:46,20184,24219
12:47,19890,24102
12:48,20060,24011
12:49,20060,24308
12:50,20060,23672
12:51,21080,25238
12:52,20740,25030
12:53,20060,24184
12:54,20060,24217
12:55,20230,24514
12:56,19890,23783
12:57,20060,24184
12:58,20230,24206
12:59,20060,23765
13:00,19890,23785
13:01,20565,24620
13:02,20740,24906
13:03,19974,23898
13:04,20060,24308
13:05,21250,25750
13:06,20314,24494
13:07,21760,26288
13:08,20570,24755
13:09,20570,24802
13:10,20570,24279
13:11,18958,22617
13:12,18452,20530
13:13,14571,13758
13:14,16463,16046
13:15,10725,10778
13:16,14336,14831
13:17,14435,12974
13:18,12712,11591
13:19,13674,13372
13:20,11376,11858
13:21,13289,13540
13:22,13746,11931
13:23,15441,14828
13:24,15136,15912
13:25,17122,18875
13:26,17069,19281
13:27,18354,21766
13:28,15526,18390
13:29,15446,18236
13:30,14941,16329
13:31,15357,17526
13:32,15623,17310
13:33,18578,21866
13:34,41300,911868
13:35,18413,22177
13:36,19378,23167
13:37,16754,20382
13:38,18123,21000
13:39,19995,23584
13:40,19169,22976
13:41,18870,22879
13:42,17178,20672
13:43,18986,22553
13:44,19243,22130
13:45,19186,23159
13:46,19205,22531
13:47,19128,22810
13:48,19203,22814
13:49,19890,23922
13:50,19720,22586
13:51,19768,23098
13:52,29476,27806
13:53,19293,23176
13:54,20230,24514
13:55,19890,24102
13:56,19804,23840
13:57,19720,23417
13:58,24731,25895
13:59,24464,25492
14:00,18664,22569
14:01,20060,23991
14:02,19890,23909
14:03,22955,25564
14:04,19720,23805
14:05,20617,24540
14:06,20230,24308
14:07,20664,24300
14:08,21798,24808
14:09,20060,24195
14:10,20060,24308
14:11,19823,24102
14:12,20060,24208
14:13,24561,25902
14:14,24635,25594
14:15,19890,24000
14:16,20230,24230
14:17,19890,23989
14:18,20060,24228
14:19,24731,25902
14:20,20060,24104
14:21,20060,24308
14:22,24974,26223
14:23,20014,24104
14:24,20230,24423
14:25,24900,25816
14:26,20060,24228
14:27,20060,24308
14:28,24182,25901
14:29,19890,24000
14:30,19890,24184
14:31,20230,24514
14:32,24622,25481
14:33,20230,24310
14:34,24805,26108
14:35,19720,23714
14:36,20060,23887
14:37,19890,23590
14:38,24791,25698
14:39,20060,24308
14:40,24975,26108
14:41,19890,24102
14:42,20060,24206
14:43,19890,23978
14:44,20230,24308
14:45,20230,24390
14:46,24222,25637
14:47,24977,26212
14:48,20230,24423
14:49,20060,23579
14:50,20230,24104
14:51,20060,24126
14:52,24961,26084
14:53,24463,25379
14:54,20570,24390
14:55,21384,25388
14:56,20060,24013
14:57,21250,25557
14:58,20058,23845
14:59,30820,27931
15:00,21039,24529
15:01,20740,25134
15:02,20740,24713
15:03,21214,25535
15:04,20910,25134
15:05,20570,24926
15:06,25934,27098
15:07,25078,26782
15:08,20400,24472
15:09,20910,25132
15:10,21590,25958
15:11,20910,25156
15:12,20910,25032
15:13,26056,27344
15:14,25641,27025
15:15,21080,25362
15:16,21080,25194
15:17,20704,25112
15:18,20740,25052
15:19,20740,24846
15:20,25885,27002
15:21,26155,27201
15:22,21523,25659
15:23,20060,23816
15:24,22100,26574
15:25,21554,26060
15:26,20910,25145
15:27,30713,28175
15:28,21080,25442
15:29,21080,25194
15:30,19720,23896
15:31,20484,24527
15:32,21590,26082
15:33,24687,26200
15:34,20400,24538
15:35,20230,24401
15:36,26462,27381
15:37,20230,24206
15:38,26720,27302
15:39,21080,25373
15:40,20467,24300
15:41,20251,23884
15:42,20568,24336
15:43,25458,26624
15:44,20400,24390
15:45,26373,27849
15:46,20740,25052
15:47,20309,24263
15:48,20448,23915
15:49,21080,25442
15:50,26299,26937
15:51,25745,26776
15:52,20060,24308
15:53,20910,25043
15:54,20570,24243
15:55,20570,24926
15:56,21080,25114
15:57,26147,27026
15:58,20740,24961
15:59,22841,26169
16:00,20910,24897
16:01,20740,25132
16:02,20570,24618
16:03,22439,25688
16:04,20524,24015
16:05,20910,25225
16:06,21080,25260
16:07,20314,24527
16:08,20060,24195
16:09,26777,28021
16:10,21080,25021
16:11,20910,25338
16:12,20874,25338
16:13,20570,24813
16:14,20740,24972
16:15,21250,25626
16:16,25183,26440
16:17,21250,25750
16:18,20230,24186
16:19,20400,24618
16:20,21080,25453
16:21,20740,25132
16:22,26204,27654
16:23,20905,25010
16:24,21420,25832
16:25,19545,23404
16:26,21384,25947
16:27,20060,24102
16:28,20570,24837
16:29,19731,23785
16:30,20060,24000
16:31,18669,22232
16:32,20261,23889
16:33,19550,23486
16:34,19737,24104
16:35,19803,23386
16:36,17294,20947
16:37,21248,25262
16:38,20570,24678
16:39,21080,25351
16:40,21250,25546
16:41,21420,25466
16:42,21250,25502
16:43,21034,25670
16:44,21147,25455
16:45,20570,24835
16:46,20654,24689
16:47,21250,25991
16:48,19713,23796
16:49,21420,25650
16:50,21008,25579
16:51,20484,24653
16:52,21080,25373
16:53,20740,25019
16:54,21013,25103
16:55,20333,24514
16:56,21552,25637
16:57,20400,24356
16:58,20838,24398
16:59,20230,24321
17:00,20740,25019
17:01,20570,25132
17:02,20654,25041
17:03,20565,24733
17:04,21420,25546
17:05,21075,25420
17:06,20694,25041
17:07,20503,24157
17:08,20910,24850
17:09,21080,25362
17:10,20400,24618
17:11,21080,25442
17:12,20144,24277
17:13,20534,24354
17:14,18870,22775
17:15,21420,25854
17:16,21250,25214
17:17,21080,25236
17:18,20910,25043
17:19,20740,24713
17:20,21930,26461
17:21,20910,25132
17:22,20740,25019
17:23,21250,25411
17:24,20503,24494
17:25,21523,25639
17:26,20740,25052
17:27,20570,24926
17:28,20910,25112
17:29,20570,24720
17:30,21204,25659
17:31,20740,25052
17:32,21590,25854
17:33,20910,25247
17:34,20230,24195
17:35,21080,24700
17:36,21250,25444
17:37,21080,25373
17:38,21250,25648
17:39,21930,26574
17:40,21420,25683
17:41,21420,25956
17:42,20905,24939
17:43,21250,25637
17:44,20740,25041
17:45,20400,24720
17:46,20694,24870
17:47,20910,25338
17:48,20740,25008
17:49,20874,25101
17:50,22100,26463
17:51,20740,25019
17:52,21930,26334
17:53,21590,26082
17:54,21334,25708
17:55,20740,24744
17:56,21250,25524
17:57,20570,24813
17:58,21080,25329
17:59,21590,26483
18:00,21384,25741
18:01,21760,26277
18:02,21554,25947
18:03,21786,26338
18:04,20740,25132
18:05,20910,25338
18:06,20400,24720
18:07,20910,25338
18:08,25094,26520
18:09,26055,27288
18:10,20570,24926
18:11,20910,25338
18:12,21590,26162
18:13,17340,20910
18:14,21250,25544
18:15,20910,25338
18:16,26214,27494
18:17,21420,25752
18:18,21760,26244
18:19,26233,27450
18:20,20476,24633
18:21,18886,22507
18:22,18719,19436
18:23,16065,20052
18:24,15779,18715
18:25,15052,18067
18:26,16851,20169
18:27,22181,25120
18:28,21250,25670
18:29,20400,24596
18:30,26165,27268
18:31,21590,26162
18:32,20570,24620
18:33,21420,25956
18:34,22100,26780
18:35,26336,27700
18:36,21080,25338
18:37,21164,25524
18:38,21590,26162
18:39,21930,26574
18:40,22100,26780
18:41,26675,27908
18:42,21930,26461
18:43,21420,25843
18:44,20740,25030
18:45,21080,25420
18:46,26169,27334
18:47,20910,25338
18:48,21590,25628
18:49,21250,25750
18:50,21760,26266
18:51,26624,28317
18:52,21080,25442
18:53,21080,25544
18:54,21250,25750
18:55,20077,24279
18:56,21554,25845
18:57,25774,27138
18:58,21420,25956
18:59,21590,26162
19:00,22651,26144
19:01,21080,25464
19:02,21925,26472
19:03,25217,26134
19:04,20060,24308
19:05,17378,20879
19:06,20994,25296
19:07,21590,26082
19:08,26356,27598
19:09,20570,24926
19:10,20910,25338
19:11,20400,24720
19:12,21760,26368
19:13,20400,24720
19:14,26796,27770
19:15,19804,23978
19:16,19933,24104
19:17,18927,22950
19:18,19138,22972
19:19,25382,26464
19:20,21420,25956
19:21,21250,25750
19:22,20740,24928
19:23,20570,24926
19:24,20740,25132
19:25,25666,27138
19:26,21250,25670
19:27,20230,24514
19:28,20910,25338
19:29,21544,26071
19:30,21590,26162
19:31,26406,27700
19:32,21250,25750
19:33,21699,25432
19:34,21164,25626
19:35,21080,25544
19:36,21760,26368
19:37,20740,25132
19:38,21080,25544
19:39,26007,27550
19:40,21080,25544
19:41,21250,25750
19:42,21590,26162
19:43,20910,25338
19:44,21080,25453
19:45,26346,27962
19:46,20910,25338
19:47,21080,25544
19:48,21420,25865
19:49,21420,25843
19:50,21590,26162
19:51,26747,28112
19:52,20910,25258
19:53,21420,25956
19:54,20910,25338
19:55,22100,26780
19:56,25181,26520
19:57,20910,25338
19:58,21760,26368
19:59,20740,25132
20:00,21250,25750
20:01,21420,25956
20:02,26431,27700
20:03,22440,27192
20:04,20400,24720
20:05,21080,25464
20:06,20740,25132
20:07,21080,25544
20:08,21420,25956
20:09,21250,25750
20:10,25693,27138
20:11,22100,26780
20:12,21930,26483
20:13,20570,24926
20:14,20570,24926
20:15,27282,28730
20:16,20910,25225
20:17,21420,25832
20:18,20740,25132
20:19,21250,25750
20:20,20910,25338
20:21,26372,27962
20:22,21930,26574
20:23,21250,25750
20:24,21590,26162
20:25,21080,25544
20:26,21080,25544
20:27,26318,27232
20:28,20740,25132
20:29,21590,26162
20:30,20910,25132
20:31,21420,25843
20:32,21590,26162
20:33,26603,27906
20:34,21590,26162
20:35,21420,25956
20:36,21420,25956
20:37,21420,25956
20:38,25693,27138
20:39,20910,25338
20:40,21250,25750
20:41,20570,24926
20:42,21420,25956
20:43,20910,25338
20:44,21590,26162
20:45,26204,27756
20:46,20740,25132
20:47,20910,25338
20:48,21080,25544
20:49,20910,25338
20:50,21590,26162
20:51,26034,27550
20:52,20910,25338
20:53,21760,26368
20:54,20740,25132
20:55,21420,25956
20:56,21590,26162
20:57,21930,26574
20:58,20570,24926
20:59,21080,25544
21:00,21420,25956
21:01,20400,24720
21:02,22100,26780
21:03,21080,25544
21:04,21080,25544
21:05,21590,26162
21:06,20910,25338
21:07,21420,25956
21:08,21590,26162
21:09,21080,25544
21:10,21080,25544
21:11,21590,26162
21:12,21250,25750
21:13,20910,25338
21:14,20910,25338
21:15,21420,25956
21:16,21080,25544
21:17,21760,26368
21:18,21080,25544
21:19,21080,25544
21:20,20400,24720
21:21,21760,26368
21:22,21590,26162
21:23,20910,25338
21:24,21250,25750
21:25,20740,25132
21:26,21420,25956
21:27,21420,25956
21:28,20910,25338
21:29,21080,25544
21:30,21420,25956
21:31,20740,25132
21:32,21080,25544
21:33,20740,25132
21:34,21760,26368
21:35,21250,25750
21:36,20400,24720
21:37,21080,25544
21:38,21250,25750
21:39,21250,25750
21:40,21080,25544
21:41,21760,26368
21:42,21420,25956
21:43,21420,25956
21:44,21080,25544
21:45,21250,25750
21:46,20740,25132
21:47,21250,25750
21:48,21930,26574
21:49,21760,26368
21:50,20570,24926
21:51,21590,26162
21:52,20740,25132
21:53,21080,25453
21:54,21590,26162
21:55,21590,26162
21:56,21250,25750
21:57,20060,24308
21:58,21080,25544
21:59,21590,26162
22:00,21420,25956
22:01,20740,25132
22:02,20910,25338
22:03,21420,25956
22:04,20910,25338
22:05,21080,25544
22:06,21080,25544
22:07,21760,26368
22:08,21080,25544
22:09,21420,25876
22:10,20910,25338
22:11,21590,26162
22:12,21080,25544
22:13,20400,24720
22:14,21590,26162
22:15,21080,25544
22:16,21080,25544
22:17,20740,25132
22:18,20910,25338
22:19,20910,25338
22:20,21760,26368
22:21,21420,25956
22:22,21930,26574
22:23,21590,26162
22:24,20740,25132
22:25,20740,25132
22:26,20910,25338
22:27,21250,25750
22:28,20570,24926
22:29,21420,25956
22:30,21760,26368
22:31,21080,25544
22:32,21420,25956
22:33,20910,25338
22:34,21590,26162
22:35,21250,25750
22:36,20910,25338
22:37,20910,25338
22:38,21080,25544
22:39,21250,25750
22:40,21250,25670
22:41,21590,26162
22:42,21250,25750
22:43,21080,25544
22:44,20740,25132
22:45,21250,25750
22:46,20910,25338
22:47,21080,25544
22:48,21080,25544
22:49,21250,25750
22:50,21590,26162
22:51,21420,25956
22:52,21590,26162
22:53,20910,25338
22:54,16830,20394
22:55,14790,17922
22:56,13430,16274
22:57,13770,16686
22:58,14620,17716
22:59,16150,19570
23:00,14450,17510
23:01,10200,12360
23:02,6630,8034
23:03,170,206
23:42,510,516
23:43,850,1030
23:44,850,859
23:45,510,538
23:46,850,669
23:47,680,733
23:48,1020,1043
23:49,1020,1156
23:50,1355,1648
23:51,1360,1433
23:52,18870,22764
23:53,19890,23909
23:54,19380,23404
23:55,19380,23484
23:56,19040,23072
23:57,19550,23577
23:58,19550,23599
23:59,19380,23404
